sample,emu_frame,player_x,player_y,mode,snapshot_index,screenshot,legacy_y_scratch
0,20183,96,112,replay,0,frame_0000.png,112
2,20185,96,112,replay,1,frame_0002.png,112
4,20187,96,112,replay,2,frame_0004.png,112
6,20189,96,112,replay,3,frame_0006.png,112
8,20191,96,112,replay,4,frame_0008.png,112
10,20193,96,112,replay,5,frame_0010.png,112
12,20195,96,112,replay,6,frame_0012.png,112
14,20197,96,112,replay,7,frame_0014.png,112
16,20199,96,112,replay,8,frame_0016.png,112
18,20201,96,112,replay,9,frame_0018.png,112
20,20203,96,112,replay,10,frame_0020.png,112
22,20205,96,112,replay,11,frame_0022.png,112
24,20207,96,112,replay,12,frame_0024.png,112
26,20209,96,112,replay,13,frame_0026.png,112
28,20211,96,112,replay,14,frame_0028.png,112
30,20213,96,112,replay,15,frame_0030.png,112
32,20215,96,112,replay,16,frame_0032.png,112
34,20217,96,112,replay,17,frame_0034.png,112
36,20219,96,112,replay,18,frame_0036.png,112
38,20221,96,112,replay,19,frame_0038.png,112
40,20223,96,112,replay,20,frame_0040.png,112
42,20225,96,112,replay,21,frame_0042.png,112
44,20227,96,112,replay,22,frame_0044.png,112
46,20229,96,112,replay,23,frame_0046.png,112
48,20231,96,112,replay,24,frame_0048.png,112
50,20233,96,112,replay,25,frame_0050.png,112
52,20235,96,112,replay,26,frame_0052.png,112
54,20237,96,112,replay,27,frame_0054.png,112
56,20239,96,112,replay,28,frame_0056.png,112
58,20241,96,112,replay,29,frame_0058.png,112
60,20243,96,112,replay,30,frame_0060.png,112
480,20663,96,112,replay,31,frame_0480.png,112
482,20665,91,112,replay,32,frame_0482.png,112
484,20667,86,112,replay,33,frame_0484.png,112
486,20669,81,112,replay,34,frame_0486.png,112
488,20671,76,112,replay,35,frame_0488.png,112
490,20673,71,112,replay,36,frame_0490.png,112
492,20675,66,112,replay,37,frame_0492.png,112
494,20677,61,112,replay,38,frame_0494.png,112
496,20679,56,112,replay,39,frame_0496.png,112
498,20681,51,112,replay,40,frame_0498.png,112
500,20683,46,112,replay,41,frame_0500.png,112
502,20685,41,112,replay,42,frame_0502.png,112
504,20687,36,112,replay,43,frame_0504.png,112
506,20689,31,112,replay,44,frame_0506.png,112
508,20691,26,112,replay,45,frame_0508.png,112
510,20693,21,112,replay,46,frame_0510.png,112
512,20695,21,112,replay,47,frame_0512.png,112
514,20697,21,112,replay,48,frame_0514.png,112
516,20699,21,112,replay,49,frame_0516.png,112
518,20701,21,112,replay,50,frame_0518.png,112
520,20703,21,112,replay,51,frame_0520.png,112
522,20705,21,112,replay,52,frame_0522.png,112
524,20707,21,112,replay,53,frame_0524.png,112
526,20709,21,112,replay,54,frame_0526.png,112
528,20711,21,112,replay,55,frame_0528.png,112
530,20713,21,112,replay,56,frame_0530.png,112
532,20715,21,112,replay,57,frame_0532.png,112
534,20717,21,112,replay,58,frame_0534.png,112
536,20719,21,112,replay,59,frame_0536.png,112
538,20721,21,112,replay,60,frame_0538.png,112
540,20723,21,112,replay,61,frame_0540.png,112
542,20725,21,112,replay,62,frame_0542.png,112
544,20727,21,112,replay,63,frame_0544.png,112
546,20729,21,112,replay,64,frame_0546.png,112
548,20731,21,112,replay,65,frame_0548.png,112
550,20733,21,112,replay,66,frame_0550.png,112
552,20735,21,112,replay,67,frame_0552.png,112
554,20737,21,112,replay,68,frame_0554.png,112
556,20739,21,112,replay,69,frame_0556.png,112
558,20741,21,112,replay,70,frame_0558.png,112
560,20743,21,112,replay,71,frame_0560.png,112
562,20745,21,112,replay,72,frame_0562.png,112
564,20747,21,112,replay,73,frame_0564.png,112
566,20749,21,112,replay,74,frame_0566.png,112
568,20751,21,112,replay,75,frame_0568.png,112
570,20753,21,112,replay,76,frame_0570.png,112
572,20755,21,112,replay,77,frame_0572.png,112
574,20757,21,112,replay,78,frame_0574.png,112
576,20759,21,112,replay,79,frame_0576.png,112
578,20761,21,112,replay,80,frame_0578.png,112
580,20763,21,112,replay,81,frame_0580.png,112
582,20765,21,112,replay,82,frame_0582.png,112
584,20767,21,112,replay,83,frame_0584.png,112
586,20769,21,112,replay,84,frame_0586.png,112
588,20771,21,112,replay,85,frame_0588.png,112
590,20773,21,112,replay,86,frame_0590.png,118
592,20775,21,112,replay,87,frame_0592.png,112
594,20777,21,112,replay,88,frame_0594.png,112
596,20779,21,112,replay,89,frame_0596.png,112
598,20781,21,112,replay,90,frame_0598.png,112
600,20783,21,112,replay,91,frame_0600.png,112
602,20785,21,112,replay,92,frame_0602.png,112
604,20787,21,112,replay,93,frame_0604.png,112
606,20789,21,112,replay,94,frame_0606.png,86
608,20791,21,112,replay,95,frame_0608.png,112
610,20793,21,112,replay,96,frame_0610.png,112
612,20795,21,112,replay,97,frame_0612.png,112
614,20797,21,112,replay,98,frame_0614.png,112
616,20799,21,112,replay,99,frame_0616.png,112
618,20801,21,112,replay,100,frame_0618.png,112
620,20803,21,112,replay,101,frame_0620.png,112
622,20805,21,112,replay,102,frame_0622.png,118
624,20807,21,112,replay,103,frame_0624.png,112
626,20809,21,112,replay,104,frame_0626.png,112
628,20811,21,112,replay,105,frame_0628.png,112
630,20813,21,112,replay,106,frame_0630.png,112
632,20815,21,112,replay,107,frame_0632.png,112
634,20817,21,112,replay,108,frame_0634.png,112
636,20819,21,112,replay,109,frame_0636.png,112
638,20821,21,112,replay,110,frame_0638.png,86
640,20823,21,112,replay,111,frame_0640.png,112
642,20825,21,112,replay,112,frame_0642.png,112
644,20827,21,112,replay,113,frame_0644.png,112
646,20829,21,112,replay,114,frame_0646.png,112
648,20831,21,112,replay,115,frame_0648.png,112
650,20833,21,117,replay,116,frame_0650.png,114
652,20835,21,122,replay,117,frame_0652.png,119
654,20837,21,127,replay,118,frame_0654.png,54
656,20839,21,132,replay,119,frame_0656.png,129
658,20841,21,137,replay,120,frame_0658.png,134
660,20843,21,142,replay,121,frame_0660.png,139
662,20845,21,147,replay,122,frame_0662.png,144
664,20847,21,152,replay,123,frame_0664.png,149
666,20849,21,157,replay,124,frame_0666.png,154
668,20851,21,162,replay,125,frame_0668.png,159
670,20853,21,167,replay,126,frame_0670.png,28
672,20855,21,172,replay,127,frame_0672.png,169
674,20857,21,177,replay,128,frame_0674.png,174
676,20859,21,182,replay,129,frame_0676.png,179
678,20861,21,187,replay,130,frame_0678.png,184
680,20863,21,182,replay,131,frame_0680.png,184
682,20865,21,177,replay,132,frame_0682.png,179
684,20867,21,172,replay,133,frame_0684.png,174
686,20869,21,167,replay,134,frame_0686.png,12
688,20871,21,162,replay,135,frame_0688.png,164
690,20873,21,157,replay,136,frame_0690.png,159
692,20875,21,152,replay,137,frame_0692.png,154
694,20877,21,147,replay,138,frame_0694.png,149
696,20879,21,142,replay,139,frame_0696.png,144
698,20881,21,137,replay,140,frame_0698.png,139
700,20883,21,132,replay,141,frame_0700.png,134
702,20885,21,127,replay,142,frame_0702.png,252
704,20887,21,122,replay,143,frame_0704.png,124
706,20889,21,117,replay,144,frame_0706.png,119
708,20891,21,112,replay,145,frame_0708.png,114
710,20893,16,112,replay,146,frame_0710.png,112
712,20895,16,112,replay,147,frame_0712.png,112
714,20897,16,112,replay,148,frame_0714.png,112
716,20899,16,112,replay,149,frame_0716.png,112
718,20901,16,112,replay,150,frame_0718.png,246
720,20903,16,112,replay,151,frame_0720.png,112
722,20905,16,112,replay,152,frame_0722.png,112
724,20907,16,112,replay,153,frame_0724.png,112
726,20909,16,112,replay,154,frame_0726.png,112
728,20911,16,112,replay,155,frame_0728.png,112
730,20913,16,112,replay,156,frame_0730.png,112
732,20915,16,112,replay,157,frame_0732.png,112
734,20917,16,112,replay,158,frame_0734.png,242
736,20919,16,112,replay,159,frame_0736.png,112
738,20921,16,112,replay,160,frame_0738.png,112
740,20923,16,107,replay,161,frame_0740.png,109
742,20925,16,102,replay,162,frame_0742.png,104
744,20927,16,97,replay,163,frame_0744.png,99
746,20929,16,92,replay,164,frame_0746.png,94
748,20931,16,87,replay,165,frame_0748.png,89
750,20933,16,82,replay,166,frame_0750.png,252
752,20935,16,77,replay,167,frame_0752.png,79
754,20937,16,72,replay,168,frame_0754.png,128
756,20939,16,67,replay,169,frame_0756.png,69
758,20941,16,62,replay,170,frame_0758.png,64
760,20943,16,57,replay,171,frame_0760.png,59
762,20945,16,52,replay,172,frame_0762.png,54
764,20947,16,48,replay,173,frame_0764.png,49
766,20949,16,48,replay,174,frame_0766.png,24
768,20951,16,48,replay,175,frame_0768.png,48
770,20953,21,48,replay,176,frame_0770.png,118
772,20955,26,48,replay,177,frame_0772.png,48
774,20957,31,48,replay,178,frame_0774.png,48
776,20959,36,48,replay,179,frame_0776.png,48
778,20961,41,48,replay,180,frame_0778.png,48
780,20963,46,48,replay,181,frame_0780.png,48
782,20965,51,48,replay,182,frame_0782.png,24
784,20967,56,48,replay,183,frame_0784.png,48
786,20969,61,48,replay,184,frame_0786.png,24
788,20971,66,48,replay,185,frame_0788.png,48
790,20973,71,48,replay,186,frame_0790.png,48
792,20975,76,48,replay,187,frame_0792.png,48
794,20977,81,48,replay,188,frame_0794.png,48
796,20979,86,48,replay,189,frame_0796.png,48
798,20981,91,48,replay,190,frame_0798.png,24
800,20983,91,48,replay,191,frame_0800.png,48
802,20985,91,48,replay,192,frame_0802.png,0
804,20987,91,48,replay,193,frame_0804.png,48
806,20989,91,48,replay,194,frame_0806.png,48
808,20991,91,48,replay,195,frame_0808.png,48
810,20993,91,48,replay,196,frame_0810.png,48
812,20995,91,48,replay,197,frame_0812.png,48
814,20997,91,48,replay,198,frame_0814.png,24
816,20999,91,48,replay,199,frame_0816.png,48
818,21001,91,48,replay,200,frame_0818.png,0
820,21003,91,48,replay,201,frame_0820.png,48
822,21005,91,48,replay,202,frame_0822.png,48
824,21007,91,48,replay,203,frame_0824.png,48
826,21009,91,48,replay,204,frame_0826.png,48
828,21011,91,48,replay,205,frame_0828.png,48
830,21013,86,48,replay,206,frame_0830.png,24
832,21015,81,48,replay,207,frame_0832.png,48
834,21017,76,48,replay,208,frame_0834.png,0
836,21019,71,48,replay,209,frame_0836.png,48
838,21021,66,48,replay,210,frame_0838.png,48
840,21023,61,48,replay,211,frame_0840.png,48
842,21025,56,48,replay,212,frame_0842.png,48
844,21027,51,48,replay,213,frame_0844.png,48
846,21029,46,48,replay,214,frame_0846.png,24
848,21031,41,48,replay,215,frame_0848.png,48
850,21033,36,48,replay,216,frame_0850.png,0
852,21035,31,48,replay,217,frame_0852.png,48
854,21037,26,48,replay,218,frame_0854.png,48
856,21039,21,48,replay,219,frame_0856.png,48
858,21041,16,48,replay,220,frame_0858.png,48
860,21043,16,53,replay,221,frame_0860.png,50
862,21045,16,58,replay,222,frame_0862.png,48
864,21047,16,63,replay,223,frame_0864.png,60
866,21049,16,68,replay,224,frame_0866.png,216
868,21051,16,73,replay,225,frame_0868.png,70
870,21053,16,78,replay,226,frame_0870.png,75
872,21055,16,83,replay,227,frame_0872.png,80
874,21057,16,88,replay,228,frame_0874.png,85
876,21059,16,93,replay,229,frame_0876.png,90
878,21061,16,98,replay,230,frame_0878.png,28
880,21063,16,103,replay,231,frame_0880.png,100
882,21065,16,108,replay,232,frame_0882.png,136
884,21067,16,113,replay,233,frame_0884.png,110
886,21069,16,118,replay,234,frame_0886.png,115
888,21071,16,123,replay,235,frame_0888.png,120
890,21073,16,123,replay,236,frame_0890.png,123
892,21075,16,123,replay,237,frame_0892.png,123
894,21077,16,123,replay,238,frame_0894.png,252
896,21079,16,123,replay,239,frame_0896.png,123
898,21081,16,123,replay,240,frame_0898.png,106
900,21083,16,123,replay,241,frame_0900.png,123
902,21085,16,123,replay,242,frame_0902.png,123
904,21087,16,123,replay,243,frame_0904.png,123
906,21089,16,123,replay,244,frame_0906.png,123
908,21091,16,123,replay,245,frame_0908.png,123
910,21093,16,123,replay,246,frame_0910.png,220
912,21095,16,123,replay,247,frame_0912.png,123
914,21097,16,123,replay,248,frame_0914.png,106
916,21099,16,123,replay,249,frame_0916.png,123
918,21101,16,123,replay,250,frame_0918.png,123
920,21103,16,118,replay,251,frame_0920.png,120
922,21105,16,113,replay,252,frame_0922.png,115
924,21107,16,108,replay,253,frame_0924.png,110
926,21109,16,103,replay,254,frame_0926.png,188
928,21111,16,98,replay,255,frame_0928.png,100
930,21113,16,93,replay,256,frame_0930.png,166
932,21115,16,88,replay,257,frame_0932.png,90
934,21117,16,83,replay,258,frame_0934.png,85
936,21119,16,78,replay,259,frame_0936.png,80
938,21121,16,73,replay,260,frame_0938.png,75
940,21123,16,68,replay,261,frame_0940.png,70
942,21125,16,63,replay,262,frame_0942.png,250
944,21127,16,58,replay,263,frame_0944.png,60
946,21129,16,53,replay,264,frame_0946.png,246
948,21131,16,48,replay,265,frame_0948.png,50
950,21133,21,48,replay,266,frame_0950.png,48
952,21135,26,48,replay,267,frame_0952.png,48
954,21137,31,48,replay,268,frame_0954.png,48
956,21139,36,48,replay,269,frame_0956.png,48
958,21141,41,48,replay,270,frame_0958.png,24
960,21143,46,48,replay,271,frame_0960.png,48
962,21145,51,48,replay,272,frame_0962.png,0
964,21147,56,48,replay,273,frame_0964.png,48
966,21149,61,48,replay,274,frame_0966.png,48
968,21151,66,48,replay,275,frame_0968.png,48
970,21153,71,48,replay,276,frame_0970.png,48
972,21155,76,48,replay,277,frame_0972.png,48
974,21157,81,48,replay,278,frame_0974.png,24
976,21159,86,48,replay,279,frame_0976.png,48
978,21161,91,48,replay,280,frame_0978.png,0
980,21163,96,48,replay,281,frame_0980.png,48
982,21165,101,48,replay,282,frame_0982.png,48
984,21167,106,48,replay,283,frame_0984.png,48
986,21169,111,48,replay,284,frame_0986.png,48
988,21171,116,48,replay,285,frame_0988.png,48
990,21173,121,48,replay,286,frame_0990.png,24
992,21175,126,48,replay,287,frame_0992.png,48
994,21177,131,48,replay,288,frame_0994.png,0
996,21179,136,48,replay,289,frame_0996.png,48
998,21181,141,48,replay,290,frame_0998.png,48
1000,21183,146,48,replay,291,frame_1000.png,48
1002,21185,151,48,replay,292,frame_1002.png,48
1004,21187,156,48,replay,293,frame_1004.png,48
1006,21189,161,48,replay,294,frame_1006.png,24
1008,21191,166,48,replay,295,frame_1008.png,48
1010,21193,171,48,replay,296,frame_1010.png,48
1012,21195,176,48,replay,297,frame_1012.png,48
1014,21197,181,48,replay,298,frame_1014.png,48
1016,21199,186,48,replay,299,frame_1016.png,48
1018,21201,191,48,replay,300,frame_1018.png,48
1020,21203,196,48,replay,301,frame_1020.png,48
1022,21205,201,48,replay,302,frame_1022.png,118
1024,21207,206,48,replay,303,frame_1024.png,48
1026,21209,211,48,replay,304,frame_1026.png,118
1028,21211,216,48,replay,305,frame_1028.png,48
1030,21213,221,48,replay,306,frame_1030.png,48
1032,21215,226,48,replay,307,frame_1032.png,48
1034,21217,231,48,replay,308,frame_1034.png,48
1036,21219,236,48,replay,309,frame_1036.png,48
1038,21221,239,48,replay,310,frame_1038.png,226
1040,21223,239,48,replay,311,frame_1040.png,48
1042,21225,239,48,replay,312,frame_1042.png,164
1044,21227,239,48,replay,313,frame_1044.png,48
1046,21229,239,48,replay,314,frame_1046.png,48
1048,21231,239,48,replay,315,frame_1048.png,48
1050,21233,239,48,replay,316,frame_1050.png,48
1052,21235,239,48,replay,317,frame_1052.png,48
1054,21237,239,48,replay,318,frame_1054.png,2
1056,21239,239,48,replay,319,frame_1056.png,48
1058,21241,239,48,replay,320,frame_1058.png,154
1060,21243,239,48,replay,321,frame_1060.png,48
1062,21245,239,48,replay,322,frame_1062.png,48
1064,21247,239,48,replay,323,frame_1064.png,48
1066,21249,239,48,replay,324,frame_1066.png,48
1068,21251,239,48,replay,325,frame_1068.png,48
1070,21253,239,48,replay,326,frame_1070.png,34
1072,21255,239,48,replay,327,frame_1072.png,48
1074,21257,239,48,replay,328,frame_1074.png,144
1076,21259,239,48,replay,329,frame_1076.png,48
1078,21261,239,48,replay,330,frame_1078.png,48
1080,21263,239,48,replay,331,frame_1080.png,48
1082,21265,239,48,replay,332,frame_1082.png,48
1084,21267,239,48,replay,333,frame_1084.png,48
1086,21269,239,48,replay,334,frame_1086.png,48
1088,21271,239,48,replay,335,frame_1088.png,48
1090,21273,239,48,replay,336,frame_1090.png,134
1092,21275,239,48,replay,337,frame_1092.png,48
1094,21277,239,48,replay,338,frame_1094.png,48
1096,21279,239,48,replay,339,frame_1096.png,48
1098,21281,239,48,replay,340,frame_1098.png,48
1100,21283,239,48,replay,341,frame_1100.png,48
1102,21285,239,48,replay,342,frame_1102.png,48
1104,21287,239,48,replay,343,frame_1104.png,48
1106,21289,239,48,replay,344,frame_1106.png,124
1108,21291,239,48,replay,345,frame_1108.png,48
1110,21293,239,48,replay,346,frame_1110.png,48
1112,21295,239,48,replay,347,frame_1112.png,48
1114,21297,239,48,replay,348,frame_1114.png,48
1116,21299,239,48,replay,349,frame_1116.png,48
1118,21301,239,48,replay,350,frame_1118.png,48
1120,21303,239,48,replay,351,frame_1120.png,48
1122,21305,239,48,replay,352,frame_1122.png,114
1124,21307,239,48,replay,353,frame_1124.png,48
1126,21309,239,48,replay,354,frame_1126.png,48
1128,21311,239,48,replay,355,frame_1128.png,48
1130,21313,239,48,replay,356,frame_1130.png,48
1132,21315,239,48,replay,357,frame_1132.png,216
1134,21317,239,48,replay,358,frame_1134.png,48
1136,21319,239,48,replay,359,frame_1136.png,48
1138,21321,239,48,replay,360,frame_1138.png,104
1140,21323,239,48,replay,361,frame_1140.png,48
1142,21325,239,48,replay,362,frame_1142.png,216
1144,21327,239,48,replay,363,frame_1144.png,48
1146,21329,239,48,replay,364,frame_1146.png,48
1148,21331,239,48,replay,365,frame_1148.png,48
1150,21333,239,48,replay,366,frame_1150.png,48
1152,21335,239,48,replay,367,frame_1152.png,216
1154,21337,239,48,replay,368,frame_1154.png,94
1156,21339,239,48,replay,369,frame_1156.png,48
1158,21341,239,48,replay,370,frame_1158.png,48
1160,21343,239,48,replay,371,frame_1160.png,48
1162,21345,239,48,replay,372,frame_1162.png,216
1164,21347,239,48,replay,373,frame_1164.png,48
1166,21349,239,48,replay,374,frame_1166.png,48
1168,21351,239,48,replay,375,frame_1168.png,48
1170,21353,239,48,replay,376,frame_1170.png,84
1172,21355,239,48,replay,377,frame_1172.png,216
1174,21357,239,48,replay,378,frame_1174.png,48
1176,21359,239,48,replay,379,frame_1176.png,48
1178,21361,239,48,replay,380,frame_1178.png,48
1180,21363,239,48,replay,381,frame_1180.png,48
1182,21365,239,48,replay,382,frame_1182.png,216
1184,21367,239,48,replay,383,frame_1184.png,48
1186,21369,239,48,replay,384,frame_1186.png,74
1188,21371,239,48,replay,385,frame_1188.png,48
1190,21373,239,53,replay,386,frame_1190.png,50
1192,21375,239,58,replay,387,frame_1192.png,196
1194,21377,239,63,replay,388,frame_1194.png,60
1196,21379,239,68,replay,389,frame_1196.png,65
1198,21381,239,73,replay,390,frame_1198.png,70
1200,21383,239,78,replay,391,frame_1200.png,75
1202,21385,239,83,replay,392,frame_1202.png,64
1204,21387,239,88,replay,393,frame_1204.png,85
1206,21389,239,93,replay,394,frame_1206.png,90
1208,21391,239,98,replay,395,frame_1208.png,95
1210,21393,239,103,replay,396,frame_1210.png,100
1212,21395,239,108,replay,397,frame_1212.png,96
1214,21397,239,113,replay,398,frame_1214.png,110
1216,21399,239,118,replay,399,frame_1216.png,115
1218,21401,239,123,replay,400,frame_1218.png,54
1220,21403,239,123,replay,401,frame_1220.png,123
1222,21405,239,123,replay,402,frame_1222.png,66
1224,21407,239,123,replay,403,frame_1224.png,123
1226,21409,239,123,replay,404,frame_1226.png,123
1228,21411,239,123,replay,405,frame_1228.png,123
1230,21413,239,123,replay,406,frame_1230.png,123
1232,21415,239,123,replay,407,frame_1232.png,66
1234,21417,239,123,replay,408,frame_1234.png,44
1236,21419,239,123,replay,409,frame_1236.png,123
1238,21421,239,123,replay,410,frame_1238.png,123
1240,21423,239,123,replay,411,frame_1240.png,123
1242,21425,239,123,replay,412,frame_1242.png,66
1244,21427,239,123,replay,413,frame_1244.png,123
1246,21429,239,123,replay,414,frame_1246.png,123
1248,21431,239,123,replay,415,frame_1248.png,123
1250,21433,234,123,replay,416,frame_1250.png,24
1252,21435,229,123,replay,417,frame_1252.png,66
1254,21437,224,123,replay,418,frame_1254.png,123
1256,21439,219,123,replay,419,frame_1256.png,123
1258,21441,214,123,replay,420,frame_1258.png,123
1260,21443,209,123,replay,421,frame_1260.png,123
1262,21445,204,123,replay,422,frame_1262.png,66
1264,21447,199,123,replay,423,frame_1264.png,123
1266,21449,194,123,replay,424,frame_1266.png,190
1268,21451,189,123,replay,425,frame_1268.png,123
1270,21453,184,123,replay,426,frame_1270.png,123
1272,21455,179,123,replay,427,frame_1272.png,76
1274,21457,174,123,replay,428,frame_1274.png,123
1276,21459,169,123,replay,429,frame_1276.png,123
1278,21461,164,123,replay,430,frame_1278.png,123
1280,21463,159,123,replay,431,frame_1280.png,123
1282,21465,154,123,replay,432,frame_1282.png,106
1284,21467,149,123,replay,433,frame_1284.png,123
1286,21469,144,123,replay,434,frame_1286.png,123
1288,21471,139,123,replay,435,frame_1288.png,123
1290,21473,134,123,replay,436,frame_1290.png,123
1292,21475,129,123,replay,437,frame_1292.png,156
1294,21477,124,123,replay,438,frame_1294.png,123
1296,21479,119,123,replay,439,frame_1296.png,123
1298,21481,114,123,replay,440,frame_1298.png,106
1300,21483,109,123,replay,441,frame_1300.png,123
1302,21485,104,123,replay,442,frame_1302.png,196
1304,21487,99,123,replay,443,frame_1304.png,123
1306,21489,94,123,replay,444,frame_1306.png,123
1308,21491,89,123,replay,445,frame_1308.png,123
1310,21493,89,128,replay,446,frame_1310.png,125
1312,21495,89,133,replay,447,frame_1312.png,216
1314,21497,89,138,replay,448,frame_1314.png,76
1316,21499,89,143,replay,449,frame_1316.png,140
1318,21501,89,148,replay,450,frame_1318.png,145
1320,21503,89,153,replay,451,frame_1320.png,150
1322,21505,89,158,replay,452,frame_1322.png,206
1324,21507,89,163,replay,453,frame_1324.png,160
1326,21509,89,168,replay,454,frame_1326.png,165
1328,21511,89,173,replay,455,frame_1328.png,170
1330,21513,89,178,replay,456,frame_1330.png,60
1332,21515,89,183,replay,457,frame_1332.png,196
1334,21517,89,188,replay,458,frame_1334.png,185
1336,21519,89,191,replay,459,frame_1336.png,190
1338,21521,89,191,replay,460,frame_1338.png,191
1340,21523,84,191,replay,461,frame_1340.png,191
1342,21525,79,191,replay,462,frame_1342.png,206
1344,21527,74,191,replay,463,frame_1344.png,191
1346,21529,69,191,replay,464,frame_1346.png,110
1348,21531,64,191,replay,465,frame_1348.png,150
1350,21533,59,191,replay,466,frame_1350.png,191
1352,21535,54,191,replay,467,frame_1352.png,246
1354,21537,49,191,replay,468,frame_1354.png,191
1356,21539,44,191,replay,469,frame_1356.png,191
1358,21541,39,191,replay,470,frame_1358.png,190
1360,21543,34,191,replay,471,frame_1360.png,191
1362,21545,29,191,replay,472,frame_1362.png,30
1364,21547,24,191,replay,473,frame_1364.png,191
1366,21549,19,191,replay,474,frame_1366.png,191
1368,21551,16,191,replay,475,frame_1368.png,226
1370,21553,16,191,replay,476,frame_1370.png,191
1372,21555,16,191,replay,477,frame_1372.png,34
1374,21557,16,191,replay,478,frame_1374.png,191
1376,21559,16,191,replay,479,frame_1376.png,191
1378,21561,16,191,replay,480,frame_1378.png,216
1380,21563,16,191,replay,481,frame_1380.png,191
