sample,emu_frame,slot,routine,flags,x,y,on_screen,screenshot
1150,21333,0x1000,$04:DF96,C8,201.5,67.0,True,frame_1150.png
1150,21333,0x16C0,$02:9166,C8,96.188,184.0,True,frame_1150.png
1150,21333,0x1740,$02:9274,E0,96.0,176.0,True,frame_1150.png
1150,21333,0x1780,$02:B04A,C8,228.875,104.0,True,frame_1150.png
1150,21333,0x17C0,$04:FCC0,D0,222.672,66.754,True,frame_1150.png
1150,21333,0x1800,$02:93CD,D0,258.0,156.0,False,frame_1150.png
1150,21333,0x1840,$04:FCC0,D0,239.656,64.0,True,frame_1150.png
1150,21333,0x1AC0,$04:F97F,CC,177.43,75.57,True,frame_1150.png
1152,21335,0x1000,$04:DF96,C8,201.5,67.0,True,frame_1152.png
1152,21335,0x16C0,$02:9166,C8,96.812,184.0,True,frame_1152.png
1152,21335,0x1740,$02:9274,E0,96.0,176.0,True,frame_1152.png
1152,21335,0x1780,$02:B04A,C8,225.281,104.0,True,frame_1152.png
1152,21335,0x17C0,$04:FCC0,D0,221.672,66.754,True,frame_1152.png
1152,21335,0x1800,$02:93CD,D0,257.0,156.0,False,frame_1152.png
1152,21335,0x1840,$04:FCC0,D0,238.656,64.0,True,frame_1152.png
1152,21335,0x1AC0,$04:F97F,CC,179.727,73.273,True,frame_1152.png
1154,21337,0x1000,$04:DF96,C8,201.5,72.0,True,frame_1154.png
1154,21337,0x16C0,$02:9166,C8,97.438,184.0,True,frame_1154.png
1154,21337,0x1740,$02:9274,E0,97.0,176.0,True,frame_1154.png
1154,21337,0x1780,$02:B04A,C8,221.688,104.0,True,frame_1154.png
1154,21337,0x17C0,$04:FCC0,D0,220.672,66.754,True,frame_1154.png
1154,21337,0x1800,$02:93CD,D0,256.0,156.0,False,frame_1154.png
1154,21337,0x1840,$04:FCC0,D0,237.656,64.0,True,frame_1154.png
1154,21337,0x1AC0,$04:F97F,CC,182.023,70.977,True,frame_1154.png
1156,21339,0x1000,$04:DF96,C8,201.5,77.0,True,frame_1156.png
1156,21339,0x1080,$04:E6AF,C8,207.0,77.0,True,frame_1156.png
1156,21339,0x16C0,$02:9166,C8,98.062,184.0,True,frame_1156.png
1156,21339,0x1740,$02:9274,E0,98.0,176.0,True,frame_1156.png
1156,21339,0x1780,$02:B04A,C8,218.094,104.0,True,frame_1156.png
1156,21339,0x17C0,$04:FCC0,D0,219.672,66.754,True,frame_1156.png
1156,21339,0x1800,$02:93CD,D0,255.0,156.0,True,frame_1156.png
1156,21339,0x1840,$04:FCC0,D0,236.656,64.0,True,frame_1156.png
1156,21339,0x1AC0,$04:F97F,CC,184.32,68.68,True,frame_1156.png
1158,21341,0x1000,$04:DF96,C8,201.5,82.0,True,frame_1158.png
1158,21341,0x1080,$04:E6AF,C8,229.0,77.0,True,frame_1158.png
1158,21341,0x16C0,$02:9166,C8,98.688,184.0,True,frame_1158.png
1158,21341,0x1740,$02:9274,E0,98.0,176.0,True,frame_1158.png
1158,21341,0x1780,$02:B04A,C8,214.5,104.0,True,frame_1158.png
1158,21341,0x17C0,$04:FCC0,D0,218.672,66.754,True,frame_1158.png
1158,21341,0x1800,$02:93CD,D0,254.0,156.0,True,frame_1158.png
1158,21341,0x1840,$04:FCC0,D0,235.656,64.0,True,frame_1158.png
1158,21341,0x1AC0,$04:F97F,CC,186.617,66.383,True,frame_1158.png
1160,21343,0x1000,$04:DF96,C8,196.5,82.0,True,frame_1160.png
1160,21343,0x1080,$04:E6AF,C8,251.0,77.0,True,frame_1160.png
1160,21343,0x16C0,$02:9166,C8,99.312,184.0,True,frame_1160.png
1160,21343,0x1740,$02:9274,E0,99.0,176.0,True,frame_1160.png
1160,21343,0x1780,$02:B04A,C8,210.906,104.0,True,frame_1160.png
1160,21343,0x1800,$02:93CD,D0,253.0,156.0,True,frame_1160.png
1160,21343,0x1840,$04:FCC0,D0,234.656,64.0,True,frame_1160.png
1160,21343,0x1AC0,$04:F97F,CC,188.914,64.086,True,frame_1160.png
1162,21345,0x1000,$04:DF96,C8,191.5,82.0,True,frame_1162.png
1162,21345,0x16C0,$02:9166,C8,99.938,184.0,True,frame_1162.png
1162,21345,0x1700,$02:93CD,D0,272.0,156.0,False,frame_1162.png
1162,21345,0x1740,$02:9274,E0,99.0,176.0,True,frame_1162.png
1162,21345,0x1780,$02:B04A,C8,207.312,104.0,True,frame_1162.png
1162,21345,0x1800,$02:93DD,D8,252.0,156.0,True,frame_1162.png
1162,21345,0x1840,$04:FCC0,D0,233.656,64.0,True,frame_1162.png
1162,21345,0x1AC0,$04:F97F,CC,191.211,61.789,True,frame_1162.png
1164,21347,0x1000,$04:DF96,C8,186.5,82.0,True,frame_1164.png
1164,21347,0x16C0,$02:9166,C8,100.562,184.0,True,frame_1164.png
1164,21347,0x1700,$02:93CD,D0,271.0,156.0,False,frame_1164.png
1164,21347,0x1740,$02:9274,E0,100.0,176.0,True,frame_1164.png
1164,21347,0x1780,$02:B04A,C8,203.719,104.0,True,frame_1164.png
1164,21347,0x1800,$02:93DD,D8,251.0,156.0,True,frame_1164.png
1164,21347,0x1840,$04:FCC0,D0,232.656,64.0,True,frame_1164.png
1164,21347,0x1AC0,$04:F97F,CC,193.508,59.492,True,frame_1164.png
1166,21349,0x1000,$04:DF96,C8,181.5,82.0,True,frame_1166.png
1166,21349,0x16C0,$02:9166,C8,101.188,184.0,True,frame_1166.png
1166,21349,0x1700,$02:93CD,D0,270.0,156.0,False,frame_1166.png
1166,21349,0x1740,$02:9274,E0,101.0,176.0,True,frame_1166.png
1166,21349,0x1780,$02:B04A,C8,200.125,104.0,True,frame_1166.png
1166,21349,0x1800,$02:93DD,D8,250.0,156.0,True,frame_1166.png
1166,21349,0x1840,$04:FCC0,D0,231.656,64.0,True,frame_1166.png
1166,21349,0x1AC0,$04:F97F,CC,195.805,57.195,True,frame_1166.png
1168,21351,0x1000,$04:DF96,C8,176.5,82.0,True,frame_1168.png
1168,21351,0x16C0,$02:9166,C8,101.812,184.0,True,frame_1168.png
1168,21351,0x1700,$02:93CD,D0,269.0,156.0,False,frame_1168.png
1168,21351,0x1740,$02:9274,E0,101.0,176.0,True,frame_1168.png
1168,21351,0x1780,$02:B04A,C8,196.531,104.0,True,frame_1168.png
1168,21351,0x1800,$02:93DD,D8,249.0,156.0,True,frame_1168.png
1168,21351,0x1840,$04:FCC0,D0,230.656,64.0,True,frame_1168.png
1168,21351,0x1AC0,$04:F97F,CC,198.102,54.898,True,frame_1168.png
1170,21353,0x1000,$04:DF96,C8,171.5,82.0,True,frame_1170.png
1170,21353,0x1080,$04:E6AF,C8,177.0,82.0,True,frame_1170.png
1170,21353,0x16C0,$02:9166,C8,102.438,184.0,True,frame_1170.png
1170,21353,0x1700,$02:93CD,D0,268.0,156.0,False,frame_1170.png
1170,21353,0x1740,$02:9274,E0,102.0,176.0,True,frame_1170.png
1170,21353,0x1780,$02:B04A,C8,192.938,104.0,True,frame_1170.png
1170,21353,0x17C0,$02:A78D,9A,248.672,80.754,True,frame_1170.png
1170,21353,0x1800,$02:93DD,D8,248.0,156.0,True,frame_1170.png
1170,21353,0x1840,$04:FCC0,D0,229.656,64.0,True,frame_1170.png
1170,21353,0x1AC0,$04:F97F,CC,200.398,52.602,True,frame_1170.png
1172,21355,0x1000,$04:DF96,C8,166.5,82.0,True,frame_1172.png
1172,21355,0x1080,$04:E6AF,C8,199.0,82.0,True,frame_1172.png
1172,21355,0x16C0,$02:9166,C8,103.062,184.0,True,frame_1172.png
1172,21355,0x1700,$02:93CD,D0,267.0,156.0,False,frame_1172.png
1172,21355,0x1740,$02:9274,E0,103.0,176.0,True,frame_1172.png
1172,21355,0x1780,$02:B04A,C8,189.344,104.0,True,frame_1172.png
1172,21355,0x17C0,$02:A78D,9A,247.672,80.754,True,frame_1172.png
1172,21355,0x1800,$02:93DD,D8,247.0,156.0,True,frame_1172.png
1172,21355,0x1840,$04:FCC0,D0,228.656,64.0,True,frame_1172.png
1172,21355,0x1AC0,$04:F97F,CC,202.695,50.305,True,frame_1172.png
1174,21357,0x1000,$04:DF96,C8,161.5,82.0,True,frame_1174.png
1174,21357,0x1080,$04:E6AF,C8,221.0,82.0,True,frame_1174.png
1174,21357,0x16C0,$02:9166,C8,103.688,184.0,True,frame_1174.png
1174,21357,0x1700,$02:93CD,D0,266.0,156.0,False,frame_1174.png
1174,21357,0x1740,$02:9274,E0,103.0,176.0,True,frame_1174.png
1174,21357,0x1780,$02:B04A,C8,185.75,104.0,True,frame_1174.png
1174,21357,0x17C0,$02:A78D,9A,246.672,80.754,True,frame_1174.png
1174,21357,0x1800,$02:93DD,D8,246.0,156.0,True,frame_1174.png
1174,21357,0x1840,$04:FCC0,D0,227.656,64.0,True,frame_1174.png
1174,21357,0x1AC0,$04:F97F,CC,204.992,48.008,True,frame_1174.png
1176,21359,0x1000,$04:DF96,C8,156.5,82.0,True,frame_1176.png
1176,21359,0x1080,$04:E6E1,C0,232.0,82.0,True,frame_1176.png
1176,21359,0x16C0,$02:9166,C8,104.312,184.0,True,frame_1176.png
1176,21359,0x1700,$02:93CD,D0,265.0,156.0,False,frame_1176.png
1176,21359,0x1740,$02:9274,E0,104.0,176.0,True,frame_1176.png
1176,21359,0x1780,$02:B04A,C8,182.156,104.0,True,frame_1176.png
1176,21359,0x17C0,$02:A78D,9A,245.672,80.754,True,frame_1176.png
1176,21359,0x1800,$02:93DD,D8,245.0,156.0,True,frame_1176.png
1176,21359,0x1AC0,$04:F97F,CC,207.289,45.711,True,frame_1176.png
1178,21361,0x1000,$04:DF96,C8,151.5,82.0,True,frame_1178.png
1178,21361,0x16C0,$02:9166,C8,104.938,184.0,True,frame_1178.png
1178,21361,0x1700,$02:93CD,D0,264.0,156.0,False,frame_1178.png
1178,21361,0x1740,$02:9274,E0,104.0,176.0,True,frame_1178.png
1178,21361,0x1780,$02:B04A,C8,178.562,104.0,True,frame_1178.png
1178,21361,0x17C0,$02:A78D,9A,244.672,80.754,True,frame_1178.png
1178,21361,0x1800,$02:93DD,D8,244.0,156.0,True,frame_1178.png
1178,21361,0x1AC0,$04:F97F,CC,209.586,43.414,True,frame_1178.png
1180,21363,0x1000,$04:DF96,C8,146.5,82.0,True,frame_1180.png
1180,21363,0x1080,$04:E6AF,C8,152.0,82.0,True,frame_1180.png
1180,21363,0x16C0,$02:9166,C8,105.562,184.0,True,frame_1180.png
1180,21363,0x1700,$02:93CD,D0,263.0,156.0,False,frame_1180.png
1180,21363,0x1740,$02:9274,E0,105.0,176.0,True,frame_1180.png
1180,21363,0x1780,$02:B04A,C8,174.969,104.0,True,frame_1180.png
1180,21363,0x17C0,$02:A78D,9A,243.672,80.754,True,frame_1180.png
1180,21363,0x1800,$02:93DD,D8,243.0,156.0,True,frame_1180.png
1180,21363,0x1840,$02:B04A,88,272.0,104.0,False,frame_1180.png
1180,21363,0x1AC0,$04:F97F,CC,211.883,41.117,True,frame_1180.png
1182,21365,0x1000,$04:DF96,C8,141.5,82.0,True,frame_1182.png
1182,21365,0x1080,$04:E6AF,C8,174.0,82.0,True,frame_1182.png
1182,21365,0x16C0,$02:9166,C8,106.188,184.0,True,frame_1182.png
1182,21365,0x1700,$02:93CD,D0,262.0,156.0,False,frame_1182.png
1182,21365,0x1740,$02:9274,E0,106.0,176.0,True,frame_1182.png
1182,21365,0x1780,$02:B04A,C8,171.375,104.0,True,frame_1182.png
1182,21365,0x17C0,$02:A78D,9A,242.672,80.754,True,frame_1182.png
1182,21365,0x1800,$02:93DD,D8,242.0,156.0,True,frame_1182.png
1182,21365,0x1840,$02:B04A,C8,268.406,104.0,False,frame_1182.png
1182,21365,0x1AC0,$04:F97F,CC,214.18,38.82,True,frame_1182.png
1184,21367,0x1000,$04:DF96,C8,136.5,82.0,True,frame_1184.png
1184,21367,0x1080,$04:E6AF,C8,196.0,82.0,True,frame_1184.png
1184,21367,0x16C0,$02:9166,C8,106.812,184.0,True,frame_1184.png
1184,21367,0x1700,$02:93CD,D0,261.0,156.0,False,frame_1184.png
1184,21367,0x1740,$02:9274,E0,106.0,176.0,True,frame_1184.png
1184,21367,0x1780,$02:B04A,C8,167.781,104.0,True,frame_1184.png
1184,21367,0x17C0,$02:A78D,9A,241.672,80.754,True,frame_1184.png
1184,21367,0x1800,$02:93DD,D8,241.0,156.0,True,frame_1184.png
1184,21367,0x1840,$02:B04A,C8,264.812,104.0,False,frame_1184.png
1184,21367,0x1AC0,$04:F97F,CC,216.477,36.523,True,frame_1184.png
1186,21369,0x1000,$04:DF96,C8,131.5,82.0,True,frame_1186.png
1186,21369,0x1080,$04:E6AF,C8,218.0,82.0,True,frame_1186.png
1186,21369,0x16C0,$02:9166,C8,107.438,184.0,True,frame_1186.png
1186,21369,0x1700,$02:93CD,D0,260.0,156.0,False,frame_1186.png
1186,21369,0x1740,$02:9274,E0,107.0,176.0,True,frame_1186.png
1186,21369,0x1780,$02:B04A,C8,164.188,104.0,True,frame_1186.png
1186,21369,0x17C0,$02:A78D,9A,240.672,80.754,True,frame_1186.png
1186,21369,0x1800,$02:93DD,D8,240.0,156.0,True,frame_1186.png
1186,21369,0x1840,$02:B04A,C8,261.219,104.0,False,frame_1186.png
1186,21369,0x1AC0,$04:F97F,CC,218.773,34.227,True,frame_1186.png
1188,21371,0x1000,$04:DF96,C8,126.5,82.0,True,frame_1188.png
1188,21371,0x1080,$04:E6E1,C0,229.0,82.0,True,frame_1188.png
1188,21371,0x16C0,$02:9166,C8,108.062,184.0,True,frame_1188.png
1188,21371,0x1700,$02:93CD,D0,259.0,156.0,False,frame_1188.png
1188,21371,0x1740,$02:9274,E0,108.0,176.0,True,frame_1188.png
1188,21371,0x1780,$02:B04A,C8,160.594,104.0,True,frame_1188.png
1188,21371,0x17C0,$02:A78D,9A,239.672,80.754,True,frame_1188.png
1188,21371,0x1800,$02:93DD,D8,239.0,156.0,True,frame_1188.png
1188,21371,0x1840,$02:B04A,C8,257.625,104.0,False,frame_1188.png
1188,21371,0x1AC0,$04:F97F,CC,221.07,31.93,True,frame_1188.png
1190,21373,0x1000,$04:DF96,C8,121.5,82.0,True,frame_1190.png
1190,21373,0x16C0,$02:9166,C8,108.688,184.0,True,frame_1190.png
1190,21373,0x1700,$02:93CD,D0,258.0,156.0,False,frame_1190.png
1190,21373,0x1740,$02:9274,E0,108.0,176.0,True,frame_1190.png
1190,21373,0x1780,$02:B04A,C8,157.293,103.73,True,frame_1190.png
1190,21373,0x17C0,$02:A78D,9A,238.672,80.754,True,frame_1190.png
1190,21373,0x1800,$02:93DD,D8,238.0,156.0,True,frame_1190.png
1190,21373,0x1840,$02:B04A,C8,254.031,104.0,True,frame_1190.png
1190,21373,0x1880,$02:B04A,88,272.0,64.0,False,frame_1190.png
1190,21373,0x1AC0,$04:F97F,CC,223.367,29.633,True,frame_1190.png
1192,21375,0x1000,$04:DF96,C8,116.5,82.0,True,frame_1192.png
1192,21375,0x16C0,$02:9166,C8,109.312,184.0,True,frame_1192.png
1192,21375,0x1700,$02:93CD,D0,257.0,156.0,False,frame_1192.png
1192,21375,0x1740,$02:9274,E0,109.0,176.0,True,frame_1192.png
1192,21375,0x1780,$02:B04A,C8,154.383,103.102,True,frame_1192.png
1192,21375,0x17C0,$02:A78D,9A,237.672,80.754,True,frame_1192.png
1192,21375,0x1800,$02:93DD,D8,237.0,156.0,True,frame_1192.png
1192,21375,0x1840,$02:B04A,C8,250.438,104.0,True,frame_1192.png
1192,21375,0x1880,$02:B04A,C8,268.406,64.0,False,frame_1192.png
1192,21375,0x1AC0,$04:F97F,CC,225.664,27.336,True,frame_1192.png
1192,21375,0x1B00,$04:F97F,CC,225.0,151.0,True,frame_1192.png
1194,21377,0x1000,$04:DF96,C8,111.5,82.0,True,frame_1194.png
1194,21377,0x1080,$04:E6AF,C8,117.0,82.0,True,frame_1194.png
1194,21377,0x16C0,$02:9166,C8,109.938,184.0,True,frame_1194.png
1194,21377,0x1700,$02:93CD,D0,256.0,156.0,False,frame_1194.png
1194,21377,0x1740,$02:9274,E0,109.0,176.0,True,frame_1194.png
1194,21377,0x1780,$02:B04A,C8,151.863,102.113,True,frame_1194.png
1194,21377,0x17C0,$02:A78D,9A,236.672,80.754,True,frame_1194.png
1194,21377,0x1800,$02:93DD,D8,236.0,156.0,True,frame_1194.png
1194,21377,0x1840,$02:B04A,C8,246.844,104.0,True,frame_1194.png
1194,21377,0x1880,$02:B04A,C8,264.812,64.0,False,frame_1194.png
1194,21377,0x1AC0,$04:F97F,CC,227.961,25.039,True,frame_1194.png
1194,21377,0x1B00,$04:F97F,CC,222.305,149.195,True,frame_1194.png
1196,21379,0x1000,$04:DF96,C8,111.5,87.0,True,frame_1196.png
1196,21379,0x1080,$04:E6AF,C8,139.0,82.0,True,frame_1196.png
1196,21379,0x16C0,$02:9166,C8,110.562,184.0,True,frame_1196.png
1196,21379,0x1700,$02:93CD,D0,255.0,156.0,True,frame_1196.png
1196,21379,0x1740,$02:9274,E0,110.0,176.0,True,frame_1196.png
1196,21379,0x1780,$02:B04A,C8,149.734,100.766,True,frame_1196.png
1196,21379,0x17C0,$02:A78D,9A,235.672,80.754,True,frame_1196.png
1196,21379,0x1800,$02:93DD,D8,235.0,156.0,True,frame_1196.png
1196,21379,0x1840,$02:B04A,C8,243.25,104.0,True,frame_1196.png
1196,21379,0x1880,$02:B04A,C8,261.219,64.0,False,frame_1196.png
1196,21379,0x1AC0,$04:F97F,CC,230.258,22.742,True,frame_1196.png
1196,21379,0x1B00,$04:F97F,CC,219.609,147.391,True,frame_1196.png
1198,21381,0x1000,$04:DF96,C8,111.5,92.0,True,frame_1198.png
1198,21381,0x1080,$04:E6AF,C8,161.0,82.0,True,frame_1198.png
1198,21381,0x16C0,$02:9166,C8,111.188,184.0,True,frame_1198.png
1198,21381,0x1700,$02:93CD,D0,254.0,156.0,True,frame_1198.png
1198,21381,0x1740,$02:9274,E0,111.0,176.0,True,frame_1198.png
1198,21381,0x1780,$02:B04A,C8,147.996,99.059,True,frame_1198.png
1198,21381,0x17C0,$02:A78D,9A,234.672,80.754,True,frame_1198.png
1198,21381,0x1800,$02:93DD,D8,234.0,156.0,True,frame_1198.png
1198,21381,0x1840,$02:B04A,C8,239.656,104.0,True,frame_1198.png
1198,21381,0x1880,$02:B04A,C8,257.625,64.0,False,frame_1198.png
1198,21381,0x1AC0,$04:F97F,CC,232.555,20.445,True,frame_1198.png
1198,21381,0x1B00,$04:F97F,CC,216.914,145.586,True,frame_1198.png
1200,21383,0x1000,$04:DF96,C8,111.5,97.0,True,frame_1200.png
1200,21383,0x1080,$04:E6AF,C8,183.0,82.0,True,frame_1200.png
1200,21383,0x16C0,$02:9166,C8,111.812,184.0,True,frame_1200.png
1200,21383,0x1700,$02:93CD,D0,253.0,156.0,True,frame_1200.png
1200,21383,0x1740,$02:9274,E0,111.0,176.0,True,frame_1200.png
1200,21383,0x1780,$02:B04A,C8,146.648,96.992,True,frame_1200.png
1200,21383,0x17C0,$02:A78D,9A,233.672,80.754,True,frame_1200.png
1200,21383,0x1800,$02:93DD,D8,233.0,156.0,True,frame_1200.png
1200,21383,0x1840,$02:B04A,C8,236.062,104.0,True,frame_1200.png
1200,21383,0x1880,$02:B04A,C8,254.031,64.0,True,frame_1200.png
1200,21383,0x1AC0,$04:F97F,CC,234.852,18.148,True,frame_1200.png
1200,21383,0x1B00,$04:F97F,CC,214.219,143.781,True,frame_1200.png
1202,21385,0x1000,$04:DF96,C8,106.5,97.0,True,frame_1202.png
1202,21385,0x1080,$04:E6AF,C8,205.0,82.0,True,frame_1202.png
1202,21385,0x16C0,$02:9166,C8,112.438,184.0,True,frame_1202.png
1202,21385,0x1700,$02:93DD,D8,252.0,156.0,True,frame_1202.png
1202,21385,0x1740,$02:9274,E0,112.0,176.0,True,frame_1202.png
1202,21385,0x1780,$02:B04A,C8,145.691,94.566,True,frame_1202.png
1202,21385,0x17C0,$02:A78D,9A,232.672,80.754,True,frame_1202.png
1202,21385,0x1800,$02:93DD,D8,232.0,156.0,True,frame_1202.png
1202,21385,0x1840,$02:B04A,C8,232.469,104.0,True,frame_1202.png
1202,21385,0x1880,$02:B04A,C8,250.438,64.0,True,frame_1202.png
1202,21385,0x1AC0,$04:F97F,CC,237.148,15.852,True,frame_1202.png
1202,21385,0x1B00,$04:F97F,CC,211.523,141.977,True,frame_1202.png
1204,21387,0x1000,$04:DF96,C8,101.5,97.0,True,frame_1204.png
1204,21387,0x1080,$04:E6AF,C8,227.0,82.0,True,frame_1204.png
1204,21387,0x10C0,$04:E6AF,C8,107.0,97.0,True,frame_1204.png
1204,21387,0x16C0,$02:9166,C8,113.062,184.0,True,frame_1204.png
1204,21387,0x1700,$02:93DD,D8,251.0,156.0,True,frame_1204.png
1204,21387,0x1740,$02:9274,E0,113.0,176.0,True,frame_1204.png
1204,21387,0x1780,$02:B04A,C8,145.125,91.781,True,frame_1204.png
1204,21387,0x17C0,$02:A78D,9A,231.672,80.754,True,frame_1204.png
1204,21387,0x1800,$02:93DD,D8,231.0,156.0,True,frame_1204.png
1204,21387,0x1840,$02:B04A,C8,228.875,104.0,True,frame_1204.png
1204,21387,0x1880,$02:B04A,C8,246.844,64.0,True,frame_1204.png
1204,21387,0x1AC0,$04:F97F,CC,239.445,13.555,True,frame_1204.png
1204,21387,0x1B00,$04:F97F,CC,208.828,140.172,True,frame_1204.png
1206,21389,0x1000,$04:DF96,C8,96.5,97.0,True,frame_1206.png
1206,21389,0x10C0,$04:E6AF,C8,129.0,97.0,True,frame_1206.png
1206,21389,0x1400,$04:FAD9,D8,231.25,80.172,True,frame_1206.png
1206,21389,0x16C0,$02:9166,C8,113.688,184.0,True,frame_1206.png
1206,21389,0x1700,$02:93DD,D8,250.0,156.0,True,frame_1206.png
1206,21389,0x1740,$02:9274,E0,113.0,176.0,True,frame_1206.png
1206,21389,0x1780,$02:B04A,C8,144.949,88.637,True,frame_1206.png
1206,21389,0x1800,$02:93DD,D8,230.0,156.0,True,frame_1206.png
1206,21389,0x1840,$02:B04A,C8,225.281,104.0,True,frame_1206.png
1206,21389,0x1880,$02:B04A,C8,243.25,64.0,True,frame_1206.png
1206,21389,0x1AC0,$04:F97F,CC,241.742,11.258,True,frame_1206.png
1206,21389,0x1B00,$04:F97F,CC,206.133,138.367,True,frame_1206.png
1208,21391,0x1000,$04:DF96,C8,96.5,92.0,True,frame_1208.png
1208,21391,0x1400,$04:FAD9,D8,230.25,80.172,True,frame_1208.png
1208,21391,0x16C0,$02:9166,C8,114.312,184.0,True,frame_1208.png
1208,21391,0x1700,$02:93DD,D8,249.0,156.0,True,frame_1208.png
1208,21391,0x1740,$02:9274,E0,114.0,176.0,True,frame_1208.png
1208,21391,0x1780,$04:FCC0,D0,144.949,88.637,True,frame_1208.png
1208,21391,0x1800,$02:93DD,D8,229.0,156.0,True,frame_1208.png
1208,21391,0x1840,$02:B04A,C8,221.688,104.0,True,frame_1208.png
1208,21391,0x1880,$02:B04A,C8,239.656,64.0,True,frame_1208.png
1208,21391,0x1AC0,$04:F97F,CC,244.039,8.961,True,frame_1208.png
1208,21391,0x1B00,$04:F97F,CC,203.438,136.562,True,frame_1208.png
1210,21393,0x1000,$04:DF96,C8,96.5,87.0,True,frame_1210.png
1210,21393,0x1400,$04:FAD9,D8,229.25,80.172,True,frame_1210.png
1210,21393,0x16C0,$02:9166,C8,114.938,184.0,True,frame_1210.png
1210,21393,0x1700,$02:93DD,D8,248.0,156.0,True,frame_1210.png
1210,21393,0x1740,$02:9274,E0,114.0,176.0,True,frame_1210.png
1210,21393,0x1780,$04:FCC0,D0,143.949,88.637,True,frame_1210.png
1210,21393,0x1800,$02:93DD,D8,228.0,156.0,True,frame_1210.png
1210,21393,0x1840,$02:B04A,C8,218.094,104.0,True,frame_1210.png
1210,21393,0x1880,$02:B04A,C8,236.062,64.551,True,frame_1210.png
1210,21393,0x1AC0,$04:F97F,CC,246.336,6.664,True,frame_1210.png
1210,21393,0x1B00,$04:F97F,CC,200.742,134.758,True,frame_1210.png
1212,21395,0x1000,$04:DF96,C8,96.5,82.0,True,frame_1212.png
1212,21395,0x1400,$04:FAD9,D8,228.25,80.172,True,frame_1212.png
1212,21395,0x16C0,$02:9166,C8,115.562,184.0,True,frame_1212.png
1212,21395,0x1700,$02:93DD,D8,247.0,156.0,True,frame_1212.png
1212,21395,0x1740,$02:9274,E0,115.0,176.0,True,frame_1212.png
1212,21395,0x1780,$04:FCC0,D0,142.949,88.637,True,frame_1212.png
1212,21395,0x1800,$02:93DD,D8,227.0,156.0,True,frame_1212.png
1212,21395,0x1840,$02:B04A,C8,214.5,104.0,True,frame_1212.png
1212,21395,0x1880,$02:B04A,C8,232.469,65.836,True,frame_1212.png
1212,21395,0x1AC0,$04:F97F,CC,248.633,4.367,True,frame_1212.png
1212,21395,0x1B00,$04:F97F,CC,198.047,132.953,True,frame_1212.png
1214,21397,0x1000,$04:DF96,C8,96.5,77.0,True,frame_1214.png
1214,21397,0x1400,$04:FAD9,D8,227.25,80.172,True,frame_1214.png
1214,21397,0x16C0,$02:9166,C8,116.188,184.0,True,frame_1214.png
1214,21397,0x1700,$02:93DD,D8,246.0,156.0,True,frame_1214.png
1214,21397,0x1740,$02:9274,E0,116.0,176.0,True,frame_1214.png
1214,21397,0x1780,$04:FCC0,D0,141.949,88.637,True,frame_1214.png
1214,21397,0x1800,$02:93DD,D8,226.0,156.0,True,frame_1214.png
1214,21397,0x1840,$02:B04A,C8,210.906,104.0,True,frame_1214.png
1214,21397,0x1880,$02:B04A,C8,228.875,67.855,True,frame_1214.png
1214,21397,0x1AC0,$04:F97F,CC,250.93,2.07,True,frame_1214.png
1214,21397,0x1B00,$04:F97F,CC,195.352,131.148,True,frame_1214.png
1216,21399,0x1000,$04:DF96,C8,96.5,72.0,True,frame_1216.png
1216,21399,0x1400,$04:FAD9,D8,226.25,80.172,True,frame_1216.png
1216,21399,0x16C0,$02:9166,C8,116.812,184.0,True,frame_1216.png
1216,21399,0x1700,$02:93DD,D8,245.0,156.0,True,frame_1216.png
1216,21399,0x1740,$02:9274,E0,116.0,176.0,True,frame_1216.png
1216,21399,0x1780,$04:FCC0,D0,140.949,88.637,True,frame_1216.png
1216,21399,0x1800,$02:93DD,D8,225.0,156.0,True,frame_1216.png
1216,21399,0x1840,$02:B04A,C8,207.312,104.0,True,frame_1216.png
1216,21399,0x1880,$02:B04A,C8,225.281,70.609,True,frame_1216.png
1216,21399,0x1AC0,$04:F97F,CC,253.227,-0.227,False,frame_1216.png
1216,21399,0x1B00,$04:F97F,CC,192.656,129.344,True,frame_1216.png
1218,21401,0x1000,$04:DF96,C8,96.5,67.0,True,frame_1218.png
1218,21401,0x1080,$04:E6AF,C8,102.0,67.0,True,frame_1218.png
1218,21401,0x1400,$04:FAD9,D8,225.25,80.172,True,frame_1218.png
1218,21401,0x16C0,$02:9166,C8,117.438,184.0,True,frame_1218.png
1218,21401,0x1700,$02:93DD,D8,244.0,156.0,True,frame_1218.png
1218,21401,0x1740,$02:9274,E0,117.0,176.0,True,frame_1218.png
1218,21401,0x1780,$04:FCC0,D0,139.949,88.637,True,frame_1218.png
1218,21401,0x1800,$02:93DD,D8,224.0,156.0,True,frame_1218.png
1218,21401,0x1840,$02:B04A,C8,203.719,104.0,True,frame_1218.png
1218,21401,0x1880,$02:B04A,C8,221.688,74.098,True,frame_1218.png
1218,21401,0x1AC0,$04:F97F,CC,255.523,-2.523,False,frame_1218.png
1218,21401,0x1B00,$04:F97F,CC,189.961,127.539,True,frame_1218.png
1220,21403,0x1000,$04:DF96,C8,96.5,72.0,True,frame_1220.png
1220,21403,0x1080,$04:E6AF,C8,124.0,67.0,True,frame_1220.png
1220,21403,0x1400,$04:FAD9,D8,224.25,80.172,True,frame_1220.png
1220,21403,0x16C0,$02:9166,C8,118.062,184.0,True,frame_1220.png
1220,21403,0x1700,$02:93DD,D8,243.0,156.0,True,frame_1220.png
1220,21403,0x1740,$02:9274,E0,118.0,176.0,True,frame_1220.png
1220,21403,0x1780,$04:FCC0,D0,138.949,88.637,True,frame_1220.png
1220,21403,0x1800,$02:93DD,D8,223.0,156.0,True,frame_1220.png
1220,21403,0x1840,$02:B04A,C8,200.125,104.0,True,frame_1220.png
1220,21403,0x1880,$02:B04A,C8,218.094,78.32,True,frame_1220.png
1220,21403,0x1AC0,$04:F97F,CC,257.82,-4.82,False,frame_1220.png
1220,21403,0x1B00,$04:F97F,CC,187.266,125.734,True,frame_1220.png
1222,21405,0x1000,$04:DF96,C8,96.5,77.0,True,frame_1222.png
1222,21405,0x1080,$04:E6AF,C8,146.0,67.0,True,frame_1222.png
1222,21405,0x1400,$04:FAD9,D8,223.25,80.172,True,frame_1222.png
1222,21405,0x16C0,$02:9166,C8,118.688,184.0,True,frame_1222.png
1222,21405,0x1700,$02:93DD,D8,242.0,156.0,True,frame_1222.png
1222,21405,0x1740,$02:9274,E0,118.0,176.0,True,frame_1222.png
1222,21405,0x1780,$04:FCC0,D0,137.949,88.637,True,frame_1222.png
1222,21405,0x1800,$02:93DD,D8,222.0,156.0,True,frame_1222.png
1222,21405,0x1840,$02:B04A,C8,196.531,104.0,True,frame_1222.png
1222,21405,0x1880,$02:B04A,C8,214.5,83.277,True,frame_1222.png
1222,21405,0x1AC0,$04:F97F,CC,260.117,-7.117,False,frame_1222.png
1222,21405,0x1B00,$04:F97F,CC,184.57,123.93,True,frame_1222.png
1224,21407,0x1000,$04:DF96,C8,96.5,82.0,True,frame_1224.png
1224,21407,0x1080,$04:E6AF,C8,168.0,67.0,True,frame_1224.png
1224,21407,0x1400,$04:FAD9,D8,222.25,80.172,True,frame_1224.png
1224,21407,0x16C0,$02:9166,C8,119.312,184.0,True,frame_1224.png
1224,21407,0x1700,$02:93DD,D8,241.0,156.0,True,frame_1224.png
1224,21407,0x1740,$02:9274,E0,119.0,176.0,True,frame_1224.png
1224,21407,0x1780,$04:FCC0,D0,136.949,88.637,True,frame_1224.png
1224,21407,0x1800,$02:93DD,D8,221.0,156.0,True,frame_1224.png
1224,21407,0x1840,$02:B04A,C8,192.938,104.0,True,frame_1224.png
1224,21407,0x1880,$02:B04A,C8,210.906,88.969,True,frame_1224.png
1224,21407,0x1AC0,$04:F97F,CC,262.414,-9.414,False,frame_1224.png
1224,21407,0x1B00,$04:F97F,CC,181.875,122.125,True,frame_1224.png
1226,21409,0x1000,$04:DF96,C8,96.5,87.0,True,frame_1226.png
1226,21409,0x1080,$04:E6AF,C8,190.0,67.0,True,frame_1226.png
1226,21409,0x1400,$04:FAD9,D8,221.25,80.172,True,frame_1226.png
1226,21409,0x16C0,$02:9166,C8,119.938,184.0,True,frame_1226.png
1226,21409,0x1700,$02:93DD,D8,240.0,156.0,True,frame_1226.png
1226,21409,0x1740,$02:9274,E0,119.0,176.0,True,frame_1226.png
1226,21409,0x1780,$04:FCC0,D0,135.949,88.637,True,frame_1226.png
1226,21409,0x1800,$02:93DD,D8,220.0,156.0,True,frame_1226.png
1226,21409,0x1840,$02:B04A,C8,189.344,104.0,True,frame_1226.png
1226,21409,0x1880,$02:B04A,C8,207.312,95.395,True,frame_1226.png
1226,21409,0x1AC0,$04:F97F,CC,264.711,-11.711,False,frame_1226.png
1226,21409,0x1B00,$04:F97F,CC,179.18,120.32,True,frame_1226.png
1228,21411,0x1000,$04:DF96,C8,96.5,92.0,True,frame_1228.png
1228,21411,0x1080,$04:E6AF,C8,212.0,67.0,True,frame_1228.png
1228,21411,0x10C0,$04:E6AF,C8,102.0,92.0,True,frame_1228.png
1228,21411,0x1400,$04:FAD9,D8,220.25,80.172,True,frame_1228.png
1228,21411,0x16C0,$02:9166,C8,120.562,184.0,True,frame_1228.png
1228,21411,0x1700,$02:93DD,D8,239.0,156.0,True,frame_1228.png
1228,21411,0x1740,$02:9274,E0,120.0,176.0,True,frame_1228.png
1228,21411,0x1780,$04:FCC0,D0,134.949,88.637,True,frame_1228.png
1228,21411,0x1800,$02:93DD,D8,219.0,156.0,True,frame_1228.png
1228,21411,0x1840,$02:B04A,C8,185.75,104.0,True,frame_1228.png
1228,21411,0x1880,$02:B04A,C8,203.719,101.805,True,frame_1228.png
1228,21411,0x1AC0,$04:F97F,CC,267.008,-14.008,False,frame_1228.png
1228,21411,0x1B00,$04:F97F,CC,176.484,118.516,True,frame_1228.png
1230,21413,0x1000,$04:DF96,C8,96.5,97.0,True,frame_1230.png
1230,21413,0x1080,$04:E6AF,C8,234.0,67.0,True,frame_1230.png
1230,21413,0x10C0,$04:E6AF,C8,124.0,92.0,True,frame_1230.png
1230,21413,0x1400,$04:FAD9,D8,219.25,80.172,True,frame_1230.png
1230,21413,0x16C0,$02:9166,C8,121.188,184.0,True,frame_1230.png
1230,21413,0x1700,$02:93DD,D8,238.0,156.0,True,frame_1230.png
1230,21413,0x1740,$02:9274,E0,121.0,176.0,True,frame_1230.png
1230,21413,0x1780,$04:FCC0,D0,133.949,88.637,True,frame_1230.png
1230,21413,0x1800,$02:93DD,D8,218.0,156.0,True,frame_1230.png
1230,21413,0x1840,$02:B04A,C8,182.156,104.0,True,frame_1230.png
1230,21413,0x1880,$02:B04A,C8,200.125,107.949,True,frame_1230.png
1230,21413,0x1AC0,$04:F97F,CC,269.305,-16.305,False,frame_1230.png
1230,21413,0x1B00,$04:F97F,CC,173.789,116.711,True,frame_1230.png
1232,21415,0x1000,$04:DF96,C8,91.5,97.0,True,frame_1232.png
1232,21415,0x10C0,$04:E6AF,C8,146.0,92.0,True,frame_1232.png
1232,21415,0x1400,$04:FAD9,D8,218.25,80.172,True,frame_1232.png
1232,21415,0x16C0,$02:9166,C8,121.812,184.0,True,frame_1232.png
1232,21415,0x1700,$02:93DD,D8,237.0,156.0,True,frame_1232.png
1232,21415,0x1740,$02:9274,E0,121.0,176.0,True,frame_1232.png
1232,21415,0x1780,$04:FCC0,D0,132.949,88.637,True,frame_1232.png
1232,21415,0x1800,$02:93DD,D8,217.0,156.0,True,frame_1232.png
1232,21415,0x1840,$02:B04A,C8,178.562,104.0,True,frame_1232.png
1232,21415,0x1880,$02:B04A,C8,196.531,113.828,True,frame_1232.png
1232,21415,0x1AC0,$04:F97F,CC,271.602,-18.602,False,frame_1232.png
1232,21415,0x1B00,$04:F97F,CC,171.094,114.906,True,frame_1232.png
1232,21415,0x1B40,$04:F97F,CC,225.0,151.0,True,frame_1232.png
1234,21417,0x1000,$04:DF96,C8,86.5,97.0,True,frame_1234.png
1234,21417,0x10C0,$04:E6AF,C8,168.0,92.0,True,frame_1234.png
1234,21417,0x1400,$04:FAD9,D8,217.25,80.172,True,frame_1234.png
1234,21417,0x16C0,$02:9166,C8,122.438,184.0,True,frame_1234.png
1234,21417,0x1700,$02:93DD,D8,236.0,156.0,True,frame_1234.png
1234,21417,0x1740,$02:9274,E0,122.0,176.0,True,frame_1234.png
1234,21417,0x1800,$02:93DD,D8,216.0,156.0,True,frame_1234.png
1234,21417,0x1840,$02:B04A,C8,174.969,104.0,True,frame_1234.png
1234,21417,0x1880,$02:B04A,C8,192.938,119.441,True,frame_1234.png
1234,21417,0x1AC0,$04:F97F,CC,273.898,-20.898,False,frame_1234.png
1234,21417,0x1B00,$04:F97F,CC,168.398,113.102,True,frame_1234.png
1234,21417,0x1B40,$04:F97F,CC,222.0,149.758,True,frame_1234.png
1236,21419,0x1000,$04:DF96,C8,81.5,97.0,True,frame_1236.png
1236,21419,0x1400,$04:FAD9,D8,216.25,80.172,True,frame_1236.png
1236,21419,0x16C0,$02:9166,C8,123.062,184.0,True,frame_1236.png
1236,21419,0x1700,$02:93DD,D8,235.0,156.0,True,frame_1236.png
1236,21419,0x1740,$02:9274,E0,123.0,176.0,True,frame_1236.png
1236,21419,0x1800,$02:93DD,D8,215.0,156.0,True,frame_1236.png
1236,21419,0x1840,$04:FCC0,D0,174.969,104.0,True,frame_1236.png
1236,21419,0x1880,$02:B04A,C8,189.344,124.789,True,frame_1236.png
1236,21419,0x1AC0,$04:F97F,CC,276.195,-23.195,False,frame_1236.png
1236,21419,0x1B00,$04:F97F,CC,165.703,111.297,True,frame_1236.png
1236,21419,0x1B40,$04:F97F,CC,219.0,148.516,True,frame_1236.png
1238,21421,0x1000,$04:DF96,C8,81.5,102.0,True,frame_1238.png
1238,21421,0x1400,$04:FAD9,D8,215.25,80.172,True,frame_1238.png
1238,21421,0x16C0,$02:9166,C8,123.688,184.0,True,frame_1238.png
1238,21421,0x1700,$02:93DD,D8,234.0,156.0,True,frame_1238.png
1238,21421,0x1740,$02:9274,E0,123.0,176.0,True,frame_1238.png
1238,21421,0x1800,$02:93DD,D8,214.0,156.0,True,frame_1238.png
1238,21421,0x1840,$04:FCC0,D0,173.969,104.0,True,frame_1238.png
1238,21421,0x1880,$02:B04A,C8,185.75,129.871,True,frame_1238.png
1238,21421,0x1AC0,$04:F97F,CC,278.492,-25.492,False,frame_1238.png
1238,21421,0x1B00,$04:F97F,CC,163.008,109.492,True,frame_1238.png
1238,21421,0x1B40,$04:F97F,CC,216.0,147.273,True,frame_1238.png
1240,21423,0x1000,$04:DF96,C8,81.5,107.0,True,frame_1240.png
1240,21423,0x1400,$04:FAD9,D8,214.25,80.172,True,frame_1240.png
1240,21423,0x16C0,$02:9166,C8,124.312,184.0,True,frame_1240.png
1240,21423,0x1700,$02:93DD,D8,233.0,156.0,True,frame_1240.png
1240,21423,0x1740,$02:9274,E0,124.0,176.0,True,frame_1240.png
1240,21423,0x1800,$02:93DD,D8,213.0,156.0,True,frame_1240.png
1240,21423,0x1840,$04:FCC0,D0,172.969,104.0,True,frame_1240.png
1240,21423,0x1880,$02:B04A,C8,182.156,134.688,True,frame_1240.png
1240,21423,0x1AC0,$04:F97F,CC,280.789,-27.789,False,frame_1240.png
1240,21423,0x1B00,$04:F97F,CC,160.312,107.688,True,frame_1240.png
1240,21423,0x1B40,$04:F97F,CC,213.0,146.031,True,frame_1240.png
1242,21425,0x1000,$04:DF96,C8,81.5,112.0,True,frame_1242.png
1242,21425,0x1080,$04:E6AF,C8,87.0,112.0,True,frame_1242.png
1242,21425,0x1400,$04:FAD9,D8,213.25,80.172,True,frame_1242.png
1242,21425,0x16C0,$02:9166,C8,124.938,184.0,True,frame_1242.png
1242,21425,0x1700,$02:93DD,D8,232.0,156.0,True,frame_1242.png
1242,21425,0x1740,$02:9274,E0,124.0,176.0,True,frame_1242.png
1242,21425,0x1800,$02:93DD,D8,212.0,156.0,True,frame_1242.png
1242,21425,0x1840,$04:FCC0,D0,171.969,104.0,True,frame_1242.png
1242,21425,0x1880,$02:B04A,C8,178.562,139.238,True,frame_1242.png
1242,21425,0x1AC0,$04:F97F,CC,283.086,-30.086,False,frame_1242.png
1242,21425,0x1B00,$04:F97F,CC,157.617,105.883,True,frame_1242.png
1242,21425,0x1B40,$04:F97F,CC,210.0,144.789,True,frame_1242.png
1244,21427,0x1000,$04:DF96,C8,81.5,117.0,True,frame_1244.png
1244,21427,0x1080,$04:E6AF,C8,109.0,112.0,True,frame_1244.png
1244,21427,0x1400,$04:FAD9,D8,212.25,80.172,True,frame_1244.png
1244,21427,0x16C0,$02:9166,C8,125.562,184.0,True,frame_1244.png
1244,21427,0x1700,$02:93DD,D8,231.0,156.0,True,frame_1244.png
1244,21427,0x1740,$02:9274,E0,125.0,176.0,True,frame_1244.png
1244,21427,0x1800,$02:93DD,D8,211.0,156.0,True,frame_1244.png
1244,21427,0x1840,$04:FCC0,D0,170.969,104.0,True,frame_1244.png
1244,21427,0x1880,$02:B04A,C8,174.969,143.523,True,frame_1244.png
1244,21427,0x1AC0,$04:F97F,CC,285.383,-32.383,False,frame_1244.png
1244,21427,0x1B00,$04:F97F,CC,154.922,104.078,True,frame_1244.png
1244,21427,0x1B40,$04:F97F,CC,207.0,143.547,True,frame_1244.png
1246,21429,0x1000,$04:DF96,C8,81.5,122.0,True,frame_1246.png
1246,21429,0x1080,$04:E6AF,C8,131.0,112.0,True,frame_1246.png
1246,21429,0x1400,$04:FAD9,D8,211.25,80.172,True,frame_1246.png
1246,21429,0x16C0,$02:9166,C8,126.188,184.0,True,frame_1246.png
1246,21429,0x1700,$02:93DD,D8,230.0,156.0,True,frame_1246.png
1246,21429,0x1740,$02:9274,E0,126.0,176.0,True,frame_1246.png
1246,21429,0x1800,$02:93DD,D8,210.0,156.0,True,frame_1246.png
1246,21429,0x1840,$04:FCC0,D0,169.969,104.0,True,frame_1246.png
1246,21429,0x1880,$02:B04A,C8,171.375,147.543,True,frame_1246.png
1246,21429,0x1B00,$04:F97F,CC,152.227,102.273,True,frame_1246.png
1246,21429,0x1B40,$04:F97F,CC,204.0,142.305,True,frame_1246.png
1248,21431,0x1000,$04:DF96,C8,81.5,127.0,True,frame_1248.png
1248,21431,0x1080,$04:E6AF,C8,153.0,112.0,True,frame_1248.png
1248,21431,0x1400,$04:FAD9,D8,210.25,80.172,True,frame_1248.png
1248,21431,0x16C0,$02:9166,C8,126.812,184.0,True,frame_1248.png
1248,21431,0x1700,$02:93DD,D8,229.0,156.0,True,frame_1248.png
1248,21431,0x1740,$02:9274,E0,126.0,176.0,True,frame_1248.png
1248,21431,0x1800,$02:93DD,D8,209.0,156.0,True,frame_1248.png
1248,21431,0x1840,$04:FCC0,D0,168.969,104.0,True,frame_1248.png
1248,21431,0x1880,$02:B04A,C8,167.781,151.297,True,frame_1248.png
1248,21431,0x1B00,$04:F97F,CC,149.531,100.469,True,frame_1248.png
1248,21431,0x1B40,$04:F97F,CC,201.0,141.062,True,frame_1248.png
1250,21433,0x1000,$04:DF96,C8,81.5,132.0,True,frame_1250.png
1250,21433,0x1080,$04:E6AF,C8,175.0,112.0,True,frame_1250.png
1250,21433,0x1400,$04:FAD9,D8,209.25,80.172,True,frame_1250.png
1250,21433,0x16C0,$02:9166,C8,127.438,184.0,True,frame_1250.png
1250,21433,0x1700,$02:93DD,D8,228.0,156.0,True,frame_1250.png
1250,21433,0x1740,$02:9274,E0,127.0,176.0,True,frame_1250.png
1250,21433,0x1780,$02:AFA5,80,131.949,88.637,True,frame_1250.png
1250,21433,0x1800,$02:93DD,D8,208.0,156.0,True,frame_1250.png
1250,21433,0x1840,$04:FCC0,D0,167.969,104.0,True,frame_1250.png
1250,21433,0x1880,$02:B04A,C8,164.188,154.785,True,frame_1250.png
1250,21433,0x1B00,$04:F97F,CC,146.836,98.664,True,frame_1250.png
1250,21433,0x1B40,$04:F97F,CC,198.0,139.82,True,frame_1250.png
1252,21435,0x1000,$04:DF96,C8,81.5,137.0,True,frame_1252.png
1252,21435,0x1080,$04:E6AF,C8,197.0,112.0,True,frame_1252.png
1252,21435,0x10C0,$04:E6AF,C8,87.0,137.0,True,frame_1252.png
1252,21435,0x1400,$04:FAD9,D8,208.25,80.172,True,frame_1252.png
1252,21435,0x16C0,$02:9166,C8,128.062,184.0,True,frame_1252.png
1252,21435,0x1700,$02:93DD,D8,227.0,156.0,True,frame_1252.png
1252,21435,0x1740,$02:9274,E0,128.0,176.0,True,frame_1252.png
1252,21435,0x1780,$02:AFA5,80,131.949,88.637,True,frame_1252.png
1252,21435,0x17C0,$02:B04A,C8,270.5,160.0,False,frame_1252.png
1252,21435,0x1800,$02:93DD,D8,207.0,156.0,True,frame_1252.png
1252,21435,0x1840,$04:FCC0,D0,166.969,104.0,True,frame_1252.png
1252,21435,0x1880,$02:B04A,C8,160.594,158.008,True,frame_1252.png
1252,21435,0x1B00,$04:F97F,CC,144.141,96.859,True,frame_1252.png
1252,21435,0x1B40,$04:F97F,CC,195.0,138.578,True,frame_1252.png
1254,21437,0x1000,$04:DF96,C8,81.5,142.0,True,frame_1254.png
1254,21437,0x1080,$04:E6AF,C8,219.0,112.0,True,frame_1254.png
1254,21437,0x10C0,$04:E6AF,C8,109.0,137.0,True,frame_1254.png
1254,21437,0x1400,$04:FAD9,D8,207.25,80.172,True,frame_1254.png
1254,21437,0x16C0,$02:9166,C8,128.688,184.0,True,frame_1254.png
1254,21437,0x1700,$02:93DD,D8,226.0,156.0,True,frame_1254.png
1254,21437,0x1740,$02:9274,E0,128.0,176.0,True,frame_1254.png
1254,21437,0x1780,$02:AFA5,80,131.949,88.637,True,frame_1254.png
1254,21437,0x17C0,$02:B04A,C8,267.5,160.0,False,frame_1254.png
1254,21437,0x1800,$02:93DD,D8,206.0,156.0,True,frame_1254.png
1254,21437,0x1840,$04:FCC0,D0,165.969,104.0,True,frame_1254.png
1254,21437,0x1880,$02:B04A,C8,157.0,160.965,True,frame_1254.png
1254,21437,0x1B00,$04:F97F,CC,141.445,95.055,True,frame_1254.png
1254,21437,0x1B40,$04:F97F,CC,192.0,137.336,True,frame_1254.png
1256,21439,0x1000,$04:DF96,C8,81.5,147.0,True,frame_1256.png
1256,21439,0x1080,$04:E6AF,C8,241.0,112.0,True,frame_1256.png
1256,21439,0x10C0,$04:E6AF,C8,131.0,137.0,True,frame_1256.png
1256,21439,0x1400,$04:FAD9,D8,206.25,80.172,True,frame_1256.png
1256,21439,0x16C0,$02:9166,C8,129.312,184.0,True,frame_1256.png
1256,21439,0x1700,$02:93DD,D8,225.0,156.0,True,frame_1256.png
1256,21439,0x1740,$02:9274,E0,129.0,176.0,True,frame_1256.png
1256,21439,0x1780,$02:AFA5,80,131.949,88.637,True,frame_1256.png
1256,21439,0x17C0,$02:B04A,C8,264.5,160.0,False,frame_1256.png
1256,21439,0x1800,$02:93DD,D8,205.0,156.0,True,frame_1256.png
1256,21439,0x1840,$04:FCC0,D0,164.969,104.0,True,frame_1256.png
1256,21439,0x1880,$02:B04A,C8,153.406,163.656,True,frame_1256.png
1256,21439,0x1B00,$04:F97F,CC,138.75,93.25,True,frame_1256.png
1256,21439,0x1B40,$04:F97F,CC,189.0,136.094,True,frame_1256.png
1258,21441,0x1000,$04:DF96,C8,81.5,152.0,True,frame_1258.png
1258,21441,0x10C0,$04:E6AF,C8,153.0,137.0,True,frame_1258.png
1258,21441,0x1400,$04:FAD9,D8,205.25,80.172,True,frame_1258.png
1258,21441,0x16C0,$02:9166,C8,129.938,184.0,True,frame_1258.png
1258,21441,0x1700,$02:93DD,D8,224.0,156.0,True,frame_1258.png
1258,21441,0x1740,$02:9274,E0,129.0,176.0,True,frame_1258.png
1258,21441,0x1780,$02:AFA5,80,131.949,88.637,True,frame_1258.png
1258,21441,0x17C0,$02:B04A,C8,261.5,160.0,False,frame_1258.png
1258,21441,0x1800,$02:93DD,D8,204.0,156.0,True,frame_1258.png
1258,21441,0x1840,$04:FCC0,D0,163.969,104.0,True,frame_1258.png
1258,21441,0x1880,$02:B04A,C8,149.812,166.082,True,frame_1258.png
1258,21441,0x1B00,$04:F97F,CC,136.055,91.445,True,frame_1258.png
1258,21441,0x1B40,$04:F97F,CC,186.0,134.852,True,frame_1258.png
1260,21443,0x1000,$04:DF96,C8,81.5,157.0,True,frame_1260.png
1260,21443,0x10C0,$04:E6AF,C8,175.0,137.0,True,frame_1260.png
1260,21443,0x1400,$04:FAD9,D8,204.25,80.172,True,frame_1260.png
1260,21443,0x16C0,$02:9166,C8,130.562,184.0,True,frame_1260.png
1260,21443,0x1700,$02:93DD,D8,223.0,156.0,True,frame_1260.png
1260,21443,0x1740,$02:9274,E0,130.0,176.0,True,frame_1260.png
1260,21443,0x1780,$02:AFA5,80,131.949,88.637,True,frame_1260.png
1260,21443,0x17C0,$02:B04A,C8,258.5,160.0,False,frame_1260.png
1260,21443,0x1800,$02:93DD,D8,203.0,156.0,True,frame_1260.png
1260,21443,0x1840,$04:FCC0,D0,162.969,104.0,True,frame_1260.png
1260,21443,0x1880,$02:B04A,C8,146.219,168.242,True,frame_1260.png
1260,21443,0x1B00,$04:F97F,CC,133.359,89.641,True,frame_1260.png
1260,21443,0x1B40,$04:F97F,CC,183.0,133.609,True,frame_1260.png
1262,21445,0x1000,$04:DF96,C8,76.5,157.0,True,frame_1262.png
1262,21445,0x10C0,$04:E6AF,C8,197.0,137.0,True,frame_1262.png
1262,21445,0x1400,$04:FAD9,D8,203.25,80.172,True,frame_1262.png
1262,21445,0x16C0,$02:9166,C8,131.188,184.0,True,frame_1262.png
1262,21445,0x1700,$02:93DD,D8,222.0,156.0,True,frame_1262.png
1262,21445,0x1740,$02:9274,E0,131.0,176.0,True,frame_1262.png
1262,21445,0x1780,$02:AFA5,80,131.949,88.637,True,frame_1262.png
1262,21445,0x17C0,$02:B04A,C8,255.754,159.168,True,frame_1262.png
1262,21445,0x1800,$02:93DD,D8,202.0,156.0,True,frame_1262.png
1262,21445,0x1880,$02:B04A,C8,142.625,170.137,True,frame_1262.png
1262,21445,0x1B00,$04:F97F,CC,130.664,87.836,True,frame_1262.png
1262,21445,0x1B40,$04:F97F,CC,180.0,132.367,True,frame_1262.png
1264,21447,0x1000,$04:DF96,C8,71.5,157.0,True,frame_1264.png
1264,21447,0x10C0,$04:E6AF,C8,219.0,137.0,True,frame_1264.png
1264,21447,0x1400,$04:FAD9,D8,202.25,80.172,True,frame_1264.png
1264,21447,0x16C0,$02:9166,C8,131.812,184.0,True,frame_1264.png
1264,21447,0x1700,$02:93DD,D8,221.0,156.0,True,frame_1264.png
1264,21447,0x1740,$02:9274,E0,131.0,176.0,True,frame_1264.png
1264,21447,0x1780,$02:AFA5,80,131.949,88.637,True,frame_1264.png
1264,21447,0x17C0,$02:B04A,C8,253.262,157.504,True,frame_1264.png
1264,21447,0x1800,$02:93DD,D8,201.0,156.0,True,frame_1264.png
1264,21447,0x1880,$02:B04A,C8,139.031,171.766,True,frame_1264.png
1264,21447,0x1B00,$04:F97F,CC,127.969,86.031,True,frame_1264.png
1264,21447,0x1B40,$04:F97F,CC,177.0,131.125,True,frame_1264.png
1266,21449,0x1000,$04:DF96,C8,66.5,157.0,True,frame_1266.png
1266,21449,0x1080,$04:E6AF,C8,72.0,157.0,True,frame_1266.png
1266,21449,0x10C0,$04:E6AF,C8,241.0,137.0,True,frame_1266.png
1266,21449,0x1400,$04:FAD9,D8,201.25,80.172,True,frame_1266.png
1266,21449,0x16C0,$02:9166,C8,132.438,184.0,True,frame_1266.png
1266,21449,0x1700,$02:93DD,D8,220.0,156.0,True,frame_1266.png
1266,21449,0x1740,$02:9274,E0,132.0,176.0,True,frame_1266.png
1266,21449,0x1780,$02:AFA5,80,131.949,88.637,True,frame_1266.png
1266,21449,0x17C0,$02:B04A,C8,250.77,155.84,True,frame_1266.png
1266,21449,0x1800,$02:93DD,D8,200.0,156.0,True,frame_1266.png
1266,21449,0x1880,$02:B04A,C8,135.438,173.129,True,frame_1266.png
1266,21449,0x1B00,$04:F97F,CC,125.273,84.227,True,frame_1266.png
1266,21449,0x1B40,$04:F97F,CC,174.0,129.883,True,frame_1266.png
1268,21451,0x1000,$04:DF96,C8,61.5,157.0,True,frame_1268.png
1268,21451,0x1080,$04:E6AF,C8,94.0,157.0,True,frame_1268.png
1268,21451,0x1400,$04:FAD9,D8,200.25,80.172,True,frame_1268.png
1268,21451,0x16C0,$02:9166,C8,133.062,184.0,True,frame_1268.png
1268,21451,0x1700,$02:93DD,D8,219.0,156.0,True,frame_1268.png
1268,21451,0x1740,$02:9274,E0,133.0,176.0,True,frame_1268.png
1268,21451,0x1780,$02:AFA5,80,131.949,88.637,True,frame_1268.png
1268,21451,0x17C0,$02:B04A,C8,248.277,154.176,True,frame_1268.png
1268,21451,0x1800,$02:93DD,D8,199.0,156.0,True,frame_1268.png
1268,21451,0x1880,$02:B04A,C8,131.844,174.227,True,frame_1268.png
1268,21451,0x1B00,$04:F97F,CC,122.578,82.422,True,frame_1268.png
1268,21451,0x1B40,$04:F97F,CC,171.0,128.641,True,frame_1268.png
1270,21453,0x1000,$04:DF96,C8,56.5,157.0,True,frame_1270.png
1270,21453,0x1080,$04:E6AF,C8,116.0,157.0,True,frame_1270.png
1270,21453,0x1400,$04:FAD9,D8,199.25,80.172,True,frame_1270.png
1270,21453,0x16C0,$02:9166,C8,133.688,184.0,True,frame_1270.png
1270,21453,0x1700,$02:93DD,D8,218.0,156.0,True,frame_1270.png
1270,21453,0x1740,$02:9274,E0,133.0,176.0,True,frame_1270.png
1270,21453,0x1780,$02:AFA5,80,131.949,88.637,True,frame_1270.png
1270,21453,0x17C0,$02:B04A,C8,245.785,152.512,True,frame_1270.png
1270,21453,0x1800,$02:93DD,D8,198.0,156.0,True,frame_1270.png
1270,21453,0x1880,$02:B04A,C8,128.25,175.059,True,frame_1270.png
1270,21453,0x1B00,$04:F97F,CC,119.883,80.617,True,frame_1270.png
1270,21453,0x1B40,$04:F97F,CC,168.0,127.398,True,frame_1270.png
1272,21455,0x1000,$04:DF96,C8,51.5,157.0,True,frame_1272.png
1272,21455,0x1080,$04:E6AF,C8,138.0,157.0,True,frame_1272.png
1272,21455,0x1400,$04:FAD9,D8,198.25,80.172,True,frame_1272.png
1272,21455,0x16C0,$02:9166,C8,134.312,184.0,True,frame_1272.png
1272,21455,0x1700,$02:93DD,D8,217.0,156.0,True,frame_1272.png
1272,21455,0x1740,$02:9274,E0,134.0,176.0,True,frame_1272.png
1272,21455,0x1780,$02:AFA5,80,131.949,88.637,True,frame_1272.png
1272,21455,0x17C0,$02:B04A,C8,243.293,150.848,True,frame_1272.png
1272,21455,0x1800,$02:93DD,D8,197.0,156.0,True,frame_1272.png
1272,21455,0x1880,$02:B04A,C8,124.656,175.625,True,frame_1272.png
1272,21455,0x1B00,$04:F97F,CC,117.188,78.812,True,frame_1272.png
1272,21455,0x1B40,$04:F97F,CC,165.0,126.156,True,frame_1272.png
1274,21457,0x1000,$04:DF96,C8,46.5,157.0,True,frame_1274.png
1274,21457,0x1080,$04:E6AF,C8,160.0,157.0,True,frame_1274.png
1274,21457,0x1400,$04:FAD9,D8,197.25,80.172,True,frame_1274.png
1274,21457,0x16C0,$02:9166,C8,134.938,184.0,True,frame_1274.png
1274,21457,0x1700,$02:93DD,D8,216.0,156.0,True,frame_1274.png
1274,21457,0x1740,$02:9274,E0,134.0,176.0,True,frame_1274.png
1274,21457,0x1780,$02:AFA5,80,131.949,88.637,True,frame_1274.png
1274,21457,0x17C0,$02:B04A,C8,240.801,149.184,True,frame_1274.png
1274,21457,0x1800,$02:93DD,D8,196.0,156.0,True,frame_1274.png
1274,21457,0x1840,$02:B04A,C8,270.5,128.0,False,frame_1274.png
1274,21457,0x1880,$02:B04A,C8,121.062,175.926,True,frame_1274.png
1274,21457,0x1B00,$04:F97F,CC,114.492,77.008,True,frame_1274.png
1274,21457,0x1B40,$04:F97F,CC,162.0,124.914,True,frame_1274.png
1276,21459,0x1000,$04:DF96,C8,41.5,157.0,True,frame_1276.png
1276,21459,0x1080,$04:E6AF,C8,182.0,157.0,True,frame_1276.png
1276,21459,0x10C0,$04:E6AF,C8,47.0,157.0,True,frame_1276.png
1276,21459,0x1400,$04:FAD9,D8,196.25,80.172,True,frame_1276.png
1276,21459,0x16C0,$02:9166,C8,135.562,184.0,True,frame_1276.png
1276,21459,0x1700,$02:93DD,D8,215.0,156.0,True,frame_1276.png
1276,21459,0x1740,$02:9274,E0,135.0,176.0,True,frame_1276.png
1276,21459,0x1780,$02:AFA5,80,131.949,88.637,True,frame_1276.png
1276,21459,0x17C0,$02:B04A,C8,238.309,147.52,True,frame_1276.png
1276,21459,0x1800,$02:93DD,D8,195.0,156.0,True,frame_1276.png
1276,21459,0x1840,$02:B04A,C8,267.5,128.0,False,frame_1276.png
1276,21459,0x1880,$02:B04A,C8,117.469,175.961,True,frame_1276.png
1276,21459,0x1B00,$04:F97F,CC,111.797,75.203,True,frame_1276.png
1276,21459,0x1B40,$04:F97F,CC,159.0,123.672,True,frame_1276.png
1278,21461,0x1000,$04:DF96,C8,36.5,157.0,True,frame_1278.png
1278,21461,0x10C0,$04:E6AF,C8,69.0,157.0,True,frame_1278.png
1278,21461,0x1400,$04:FAD9,D8,195.25,80.172,True,frame_1278.png
1278,21461,0x16C0,$02:9166,C8,136.188,184.0,True,frame_1278.png
1278,21461,0x1700,$02:93DD,D8,214.0,156.0,True,frame_1278.png
1278,21461,0x1740,$02:9274,E0,136.0,176.0,True,frame_1278.png
1278,21461,0x1780,$02:AFA5,80,131.949,88.637,True,frame_1278.png
1278,21461,0x17C0,$02:B04A,C8,235.816,145.855,True,frame_1278.png
1278,21461,0x1800,$02:93DD,D8,194.0,156.0,True,frame_1278.png
1278,21461,0x1840,$02:B04A,C8,264.5,128.0,False,frame_1278.png
1278,21461,0x1880,$02:B04A,C8,113.875,175.73,True,frame_1278.png
1278,21461,0x1B00,$04:F97F,CC,109.102,73.398,True,frame_1278.png
1278,21461,0x1B40,$04:F97F,CC,156.0,122.43,True,frame_1278.png
1280,21463,0x1000,$04:DF96,C8,36.5,152.0,True,frame_1280.png
1280,21463,0x10C0,$04:E6AF,C8,91.0,157.0,True,frame_1280.png
1280,21463,0x1400,$04:FAD9,D8,194.25,80.172,True,frame_1280.png
1280,21463,0x16C0,$02:9166,C8,136.812,184.0,True,frame_1280.png
1280,21463,0x1700,$02:93DD,D8,213.0,156.0,True,frame_1280.png
1280,21463,0x1740,$02:9274,E0,136.0,176.0,True,frame_1280.png
1280,21463,0x1780,$02:AFA5,80,131.949,88.637,True,frame_1280.png
1280,21463,0x17C0,$02:B04A,C8,233.324,144.191,True,frame_1280.png
1280,21463,0x1800,$02:93DD,D8,193.0,156.0,True,frame_1280.png
1280,21463,0x1840,$02:B04A,C8,261.5,128.0,False,frame_1280.png
1280,21463,0x1880,$02:B04A,C8,110.281,175.516,True,frame_1280.png
1280,21463,0x1B00,$04:F97F,CC,106.406,71.594,True,frame_1280.png
1280,21463,0x1B40,$04:F97F,CC,153.0,121.188,True,frame_1280.png
1282,21465,0x1000,$04:DF96,C8,36.5,147.0,True,frame_1282.png
1282,21465,0x10C0,$04:E6AF,C8,113.0,157.0,True,frame_1282.png
1282,21465,0x1400,$04:FAD9,D8,193.25,80.172,True,frame_1282.png
1282,21465,0x16C0,$02:9166,C8,137.438,184.0,True,frame_1282.png
1282,21465,0x1700,$02:93DD,D8,212.0,156.0,True,frame_1282.png
1282,21465,0x1740,$02:9274,E0,137.0,176.0,True,frame_1282.png
1282,21465,0x1780,$02:AFA5,80,131.949,88.637,True,frame_1282.png
1282,21465,0x17C0,$02:B04A,C8,230.832,142.527,True,frame_1282.png
1282,21465,0x1800,$02:93DD,D8,192.0,156.0,True,frame_1282.png
1282,21465,0x1840,$02:B04A,C8,258.5,128.0,False,frame_1282.png
1282,21465,0x1880,$02:B04A,C8,106.688,175.516,True,frame_1282.png
1282,21465,0x1B00,$04:F97F,CC,103.711,69.789,True,frame_1282.png
1282,21465,0x1B40,$04:F97F,CC,150.0,119.945,True,frame_1282.png
1284,21467,0x1000,$04:DF96,C8,36.5,142.0,True,frame_1284.png
1284,21467,0x10C0,$04:E6AF,C8,135.0,157.0,True,frame_1284.png
1284,21467,0x1400,$04:FAD9,D8,192.25,80.172,True,frame_1284.png
1284,21467,0x16C0,$02:9166,C8,138.062,184.0,True,frame_1284.png
1284,21467,0x1700,$02:93DD,D8,211.0,156.0,True,frame_1284.png
1284,21467,0x1740,$02:9274,E0,138.0,176.0,True,frame_1284.png
1284,21467,0x1780,$02:AFA5,80,131.949,88.637,True,frame_1284.png
1284,21467,0x17C0,$02:B04A,C8,228.34,140.863,True,frame_1284.png
1284,21467,0x1800,$02:93DD,D8,191.0,156.0,True,frame_1284.png
1284,21467,0x1840,$02:B04A,C8,255.754,127.168,True,frame_1284.png
1284,21467,0x1880,$02:B04A,C8,103.094,175.516,True,frame_1284.png
1284,21467,0x1B00,$04:F97F,CC,101.016,67.984,True,frame_1284.png
1284,21467,0x1B40,$04:F97F,CC,147.0,118.703,True,frame_1284.png
1286,21469,0x1000,$04:DF96,C8,36.5,147.0,True,frame_1286.png
1286,21469,0x10C0,$04:E6AF,C8,157.0,157.0,True,frame_1286.png
1286,21469,0x1400,$04:FAD9,D8,191.25,80.172,True,frame_1286.png
1286,21469,0x16C0,$02:9166,C8,138.688,184.0,True,frame_1286.png
1286,21469,0x1700,$02:93DD,D8,210.0,156.0,True,frame_1286.png
1286,21469,0x1740,$02:9274,E0,138.0,176.0,True,frame_1286.png
1286,21469,0x1780,$02:AFA5,80,131.949,88.637,True,frame_1286.png
1286,21469,0x17C0,$02:B04A,C8,225.848,139.199,True,frame_1286.png
1286,21469,0x1800,$02:93DD,D8,190.0,156.0,True,frame_1286.png
1286,21469,0x1840,$02:B04A,C8,253.262,125.504,True,frame_1286.png
1286,21469,0x1880,$02:B04A,C8,99.5,175.516,True,frame_1286.png
1286,21469,0x1B00,$04:F97F,CC,98.32,66.18,True,frame_1286.png
1286,21469,0x1B40,$04:F97F,CC,144.0,117.461,True,frame_1286.png
1288,21471,0x1000,$04:DF96,C8,36.5,152.0,True,frame_1288.png
1288,21471,0x10C0,$04:E6AF,C8,179.0,157.0,True,frame_1288.png
1288,21471,0x1400,$04:FAD9,D8,190.25,80.172,True,frame_1288.png
1288,21471,0x16C0,$02:9166,C8,139.312,184.0,True,frame_1288.png
1288,21471,0x1700,$02:93DD,D8,209.0,156.0,True,frame_1288.png
1288,21471,0x1740,$02:9274,E0,139.0,176.0,True,frame_1288.png
1288,21471,0x1780,$02:AFA5,80,131.949,88.637,True,frame_1288.png
1288,21471,0x17C0,$02:B04A,C8,223.355,137.535,True,frame_1288.png
1288,21471,0x1800,$02:93DD,D8,189.0,156.0,True,frame_1288.png
1288,21471,0x1840,$02:B04A,C8,250.77,123.84,True,frame_1288.png
1288,21471,0x1880,$02:B04A,C8,95.906,175.516,True,frame_1288.png
1288,21471,0x1AC0,$04:F97F,CC,176.0,156.0,True,frame_1288.png
1288,21471,0x1B00,$04:F97F,CC,95.625,64.375,True,frame_1288.png
1288,21471,0x1B40,$04:F97F,CC,141.0,116.219,True,frame_1288.png
1290,21473,0x1000,$04:DF96,C8,36.5,157.0,True,frame_1290.png
1290,21473,0x1080,$04:E6AF,C8,42.0,157.0,True,frame_1290.png
1290,21473,0x1400,$04:FAD9,D8,189.25,80.172,True,frame_1290.png
1290,21473,0x16C0,$02:9166,C8,139.938,184.0,True,frame_1290.png
1290,21473,0x1700,$02:93DD,D8,208.0,156.0,True,frame_1290.png
1290,21473,0x1740,$02:9274,E0,139.0,176.0,True,frame_1290.png
1290,21473,0x1780,$02:AFA5,80,131.949,88.637,True,frame_1290.png
1290,21473,0x17C0,$02:B04A,C8,220.727,136.133,True,frame_1290.png
1290,21473,0x1800,$04:FCC0,D0,189.0,156.0,True,frame_1290.png
1290,21473,0x1840,$02:B04A,C8,248.277,122.176,True,frame_1290.png
1290,21473,0x1880,$02:B04A,C8,92.312,175.516,True,frame_1290.png
1290,21473,0x1AC0,$04:F97F,CC,172.75,156.0,True,frame_1290.png
1290,21473,0x1B00,$04:F97F,CC,92.93,62.57,True,frame_1290.png
1290,21473,0x1B40,$04:F97F,CC,138.0,114.977,True,frame_1290.png
1292,21475,0x1000,$04:DF96,C8,41.5,157.0,True,frame_1292.png
1292,21475,0x1080,$04:E6AF,C8,64.0,157.0,True,frame_1292.png
1292,21475,0x1400,$04:FAD9,D8,188.25,80.172,True,frame_1292.png
1292,21475,0x16C0,$02:9166,C8,140.562,184.0,True,frame_1292.png
1292,21475,0x1700,$02:93DD,D8,207.0,156.0,True,frame_1292.png
1292,21475,0x1740,$02:9274,E0,140.0,176.0,True,frame_1292.png
1292,21475,0x1780,$02:AFA5,80,131.949,88.637,True,frame_1292.png
1292,21475,0x17C0,$02:B04A,C8,217.961,134.992,True,frame_1292.png
1292,21475,0x1800,$04:FCC0,D0,188.0,156.0,True,frame_1292.png
1292,21475,0x1840,$02:B04A,C8,245.785,120.512,True,frame_1292.png
1292,21475,0x1880,$02:B04A,C8,88.719,175.516,True,frame_1292.png
1292,21475,0x1AC0,$04:F97F,CC,169.5,156.0,True,frame_1292.png
1292,21475,0x1B00,$04:F97F,CC,90.234,60.766,True,frame_1292.png
1292,21475,0x1B40,$04:F97F,CC,135.0,113.734,True,frame_1292.png
1294,21477,0x1000,$04:DF96,C8,46.5,157.0,True,frame_1294.png
1294,21477,0x1080,$04:E6AF,C8,86.0,157.0,True,frame_1294.png
1294,21477,0x1400,$04:FAD9,D8,187.25,80.172,True,frame_1294.png
1294,21477,0x16C0,$02:9166,C8,141.188,184.0,True,frame_1294.png
1294,21477,0x1700,$02:93DD,D8,206.0,156.0,True,frame_1294.png
1294,21477,0x1740,$02:9274,E0,141.0,176.0,True,frame_1294.png
1294,21477,0x1780,$02:AFA5,80,131.949,88.637,True,frame_1294.png
1294,21477,0x17C0,$02:B04A,C8,215.195,133.852,True,frame_1294.png
1294,21477,0x1800,$04:FCC0,D0,187.0,156.0,True,frame_1294.png
1294,21477,0x1840,$02:B04A,C8,243.293,118.848,True,frame_1294.png
1294,21477,0x1880,$02:B04A,C8,85.125,175.516,True,frame_1294.png
1294,21477,0x1AC0,$04:F97F,CC,166.25,156.0,True,frame_1294.png
1294,21477,0x1B00,$04:F97F,CC,87.539,58.961,True,frame_1294.png
1294,21477,0x1B40,$04:F97F,CC,132.0,112.492,True,frame_1294.png
1296,21479,0x1000,$04:DF96,C8,51.5,157.0,True,frame_1296.png
1296,21479,0x1080,$04:E6AF,C8,108.0,157.0,True,frame_1296.png
1296,21479,0x1400,$04:FAD9,D8,186.25,80.172,True,frame_1296.png
1296,21479,0x16C0,$02:9166,C8,141.812,184.0,True,frame_1296.png
1296,21479,0x1700,$02:93DD,D8,205.0,156.0,True,frame_1296.png
1296,21479,0x1740,$02:9274,E0,141.0,176.0,True,frame_1296.png
1296,21479,0x1780,$02:AFA5,80,131.949,88.637,True,frame_1296.png
1296,21479,0x17C0,$02:B04A,C8,212.43,132.711,True,frame_1296.png
1296,21479,0x1800,$04:FCC0,D0,186.0,156.0,True,frame_1296.png
1296,21479,0x1840,$02:B04A,C8,240.801,117.184,True,frame_1296.png
1296,21479,0x1880,$02:B04A,C8,81.531,175.516,True,frame_1296.png
1296,21479,0x18C0,$02:B04A,C8,270.5,160.0,False,frame_1296.png
1296,21479,0x1AC0,$04:F97F,CC,163.0,156.0,True,frame_1296.png
1296,21479,0x1B00,$04:F97F,CC,84.844,57.156,True,frame_1296.png
1296,21479,0x1B40,$04:F97F,CC,129.0,111.25,True,frame_1296.png
1298,21481,0x1000,$04:DF96,C8,46.5,157.0,True,frame_1298.png
1298,21481,0x1080,$04:E6AF,C8,130.0,157.0,True,frame_1298.png
1298,21481,0x1400,$04:FAD9,D8,185.25,80.172,True,frame_1298.png
1298,21481,0x16C0,$02:9166,C8,142.438,184.0,True,frame_1298.png
1298,21481,0x1700,$02:93DD,D8,204.0,156.0,True,frame_1298.png
1298,21481,0x1740,$02:9274,E0,142.0,176.0,True,frame_1298.png
1298,21481,0x1780,$02:AFA5,80,131.949,88.637,True,frame_1298.png
1298,21481,0x17C0,$02:B04A,C8,209.578,131.852,True,frame_1298.png
1298,21481,0x1800,$04:FCC0,D0,185.0,156.0,True,frame_1298.png
1298,21481,0x1840,$02:B04A,C8,238.309,115.52,True,frame_1298.png
1298,21481,0x1880,$02:B04A,C8,77.969,175.281,True,frame_1298.png
1298,21481,0x18C0,$02:B04A,C8,267.5,160.0,False,frame_1298.png
1298,21481,0x1AC0,$04:F97F,CC,159.75,156.0,True,frame_1298.png
1298,21481,0x1B00,$04:F97F,CC,82.148,55.352,True,frame_1298.png
1298,21481,0x1B40,$04:F97F,CC,126.0,110.008,True,frame_1298.png
1300,21483,0x1000,$04:DF96,C8,41.5,157.0,True,frame_1300.png
1300,21483,0x1080,$04:E6AF,C8,152.0,157.0,True,frame_1300.png
1300,21483,0x10C0,$04:E6AF,C8,47.0,157.0,True,frame_1300.png
1300,21483,0x1400,$04:FAD9,D8,184.25,80.172,True,frame_1300.png
1300,21483,0x16C0,$02:9166,C8,143.062,184.0,True,frame_1300.png
1300,21483,0x1700,$02:93DD,D8,203.0,156.0,True,frame_1300.png
1300,21483,0x1740,$02:9274,E0,143.0,176.0,True,frame_1300.png
1300,21483,0x1780,$02:AFA5,80,131.949,88.637,True,frame_1300.png
1300,21483,0x17C0,$02:B04A,C8,206.641,131.273,True,frame_1300.png
1300,21483,0x1800,$04:FCC0,D0,184.0,156.0,True,frame_1300.png
1300,21483,0x1840,$02:B04A,C8,235.816,113.855,True,frame_1300.png
1300,21483,0x1880,$02:B04A,C8,74.531,174.754,True,frame_1300.png
1300,21483,0x18C0,$02:B04A,C8,264.5,160.0,False,frame_1300.png
1300,21483,0x1AC0,$04:F97F,CC,156.5,156.0,True,frame_1300.png
1300,21483,0x1B00,$04:F97F,CC,79.453,53.547,True,frame_1300.png
1300,21483,0x1B40,$04:F97F,CC,123.0,108.766,True,frame_1300.png
1302,21485,0x1000,$04:DF96,C8,36.5,157.0,True,frame_1302.png
1302,21485,0x1080,$04:E6AF,C8,174.0,157.0,True,frame_1302.png
1302,21485,0x10C0,$04:E6AF,C8,69.0,157.0,True,frame_1302.png
1302,21485,0x1400,$04:FAD9,D8,183.25,80.172,True,frame_1302.png
1302,21485,0x16C0,$02:9166,C8,143.688,184.0,True,frame_1302.png
1302,21485,0x1700,$02:93DD,D8,202.0,156.0,True,frame_1302.png
1302,21485,0x1740,$02:9274,E0,143.0,176.0,True,frame_1302.png
1302,21485,0x1780,$02:AFA5,80,131.949,88.637,True,frame_1302.png
1302,21485,0x17C0,$02:B04A,C8,203.703,130.695,True,frame_1302.png
1302,21485,0x1800,$04:FCC0,D0,183.0,156.0,True,frame_1302.png
1302,21485,0x1840,$02:B04A,C8,233.324,112.191,True,frame_1302.png
1302,21485,0x1880,$02:B04A,C8,71.219,174.148,True,frame_1302.png
1302,21485,0x18C0,$02:B04A,C8,261.5,160.0,False,frame_1302.png
1302,21485,0x1AC0,$04:F97F,CC,153.25,156.0,True,frame_1302.png
1302,21485,0x1B00,$04:F97F,CC,76.758,51.742,True,frame_1302.png
1302,21485,0x1B40,$04:F97F,CC,120.0,107.523,True,frame_1302.png
1304,21487,0x1000,$04:DF96,C8,36.5,152.0,True,frame_1304.png
1304,21487,0x1080,$04:E6AF,C8,196.0,157.0,True,frame_1304.png
1304,21487,0x10C0,$04:E6AF,C8,91.0,157.0,True,frame_1304.png
1304,21487,0x1400,$04:FAD9,D8,182.25,80.172,True,frame_1304.png
1304,21487,0x16C0,$02:9166,C8,144.312,184.0,True,frame_1304.png
1304,21487,0x1700,$02:93DD,D8,201.0,156.0,True,frame_1304.png
1304,21487,0x1740,$02:9274,E0,144.0,176.0,True,frame_1304.png
1304,21487,0x1780,$02:AFA5,80,131.949,88.637,True,frame_1304.png
1304,21487,0x17C0,$02:B04A,C8,200.766,130.117,True,frame_1304.png
1304,21487,0x1800,$04:FCC0,D0,182.0,156.0,True,frame_1304.png
1304,21487,0x1840,$02:B04A,C8,230.832,110.527,True,frame_1304.png
1304,21487,0x1880,$02:B04A,C8,68.031,173.465,True,frame_1304.png
1304,21487,0x18C0,$02:B04A,C8,258.5,160.0,False,frame_1304.png
1304,21487,0x1AC0,$04:F97F,CC,150.0,156.0,True,frame_1304.png
1304,21487,0x1B00,$04:F97F,CC,74.062,49.938,True,frame_1304.png
1304,21487,0x1B40,$04:F97F,CC,117.0,106.281,True,frame_1304.png
1306,21489,0x1000,$04:DF96,C8,36.5,147.0,True,frame_1306.png
1306,21489,0x10C0,$04:E6AF,C8,113.0,157.0,True,frame_1306.png
1306,21489,0x1400,$04:FAD9,D8,181.25,80.172,True,frame_1306.png
1306,21489,0x16C0,$02:9166,C8,144.938,184.0,True,frame_1306.png
1306,21489,0x1700,$02:93DD,D8,200.0,156.0,True,frame_1306.png
1306,21489,0x1740,$02:9274,E0,144.0,176.0,True,frame_1306.png
1306,21489,0x1780,$02:AFA5,80,131.949,88.637,True,frame_1306.png
1306,21489,0x17C0,$02:B04A,C8,197.828,129.539,True,frame_1306.png
1306,21489,0x1800,$04:FCC0,D0,181.0,156.0,True,frame_1306.png
1306,21489,0x1840,$02:B04A,C8,228.34,108.863,True,frame_1306.png
1306,21489,0x1880,$02:B04A,C8,64.969,172.703,True,frame_1306.png
1306,21489,0x18C0,$02:B04A,C8,255.754,159.168,True,frame_1306.png
1306,21489,0x1AC0,$04:F97F,CC,146.75,156.0,True,frame_1306.png
1306,21489,0x1B00,$04:F97F,CC,71.367,48.133,True,frame_1306.png
1306,21489,0x1B40,$04:F97F,CC,114.0,105.039,True,frame_1306.png
1308,21491,0x1000,$04:DF96,C8,36.5,142.0,True,frame_1308.png
1308,21491,0x10C0,$04:E6AF,C8,135.0,157.0,True,frame_1308.png
1308,21491,0x1400,$04:FAD9,D8,180.25,80.172,True,frame_1308.png
1308,21491,0x16C0,$02:9166,C8,145.562,184.0,True,frame_1308.png
1308,21491,0x1700,$02:93DD,D8,199.0,156.0,True,frame_1308.png
1308,21491,0x1740,$02:9274,E0,145.0,176.0,True,frame_1308.png
1308,21491,0x1780,$02:AFA5,80,131.949,88.637,True,frame_1308.png
1308,21491,0x17C0,$02:B04A,C8,194.859,129.25,True,frame_1308.png
1308,21491,0x1800,$04:FCC0,D0,180.0,156.0,True,frame_1308.png
1308,21491,0x1840,$02:B04A,C8,225.848,107.199,True,frame_1308.png
1308,21491,0x1880,$02:B04A,C8,62.031,171.863,True,frame_1308.png
1308,21491,0x18C0,$02:B04A,C8,253.262,157.504,True,frame_1308.png
1308,21491,0x1AC0,$04:F97F,CC,143.5,156.0,True,frame_1308.png
1308,21491,0x1B00,$04:F97F,CC,68.672,46.328,True,frame_1308.png
1308,21491,0x1B40,$04:F97F,CC,111.0,103.797,True,frame_1308.png
1310,21493,0x1000,$04:DF96,C8,36.5,137.0,True,frame_1310.png
1310,21493,0x10C0,$04:E6AF,C8,157.0,157.0,True,frame_1310.png
1310,21493,0x1400,$04:FAD9,D8,179.25,80.172,True,frame_1310.png
1310,21493,0x16C0,$02:9166,C8,146.188,184.0,True,frame_1310.png
1310,21493,0x1700,$02:93DD,D8,198.0,156.0,True,frame_1310.png
1310,21493,0x1740,$02:9274,E0,146.0,176.0,True,frame_1310.png
1310,21493,0x1780,$02:AFA5,80,131.949,88.637,True,frame_1310.png
1310,21493,0x17C0,$02:B04A,C8,191.859,129.25,True,frame_1310.png
1310,21493,0x1800,$04:FCC0,D0,179.0,156.0,True,frame_1310.png
1310,21493,0x1840,$02:B04A,C8,223.355,105.535,True,frame_1310.png
1310,21493,0x1880,$02:B04A,C8,59.219,170.945,True,frame_1310.png
1310,21493,0x18C0,$02:B04A,C8,250.77,155.84,True,frame_1310.png
1310,21493,0x1AC0,$04:F97F,CC,140.25,156.0,True,frame_1310.png
1310,21493,0x1B00,$04:F97F,CC,65.977,44.523,True,frame_1310.png
1310,21493,0x1B40,$04:F97F,CC,108.0,102.555,True,frame_1310.png
1312,21495,0x1000,$04:DF96,C8,36.5,132.0,True,frame_1312.png
1312,21495,0x10C0,$04:E6AF,C8,179.0,157.0,True,frame_1312.png
1312,21495,0x1400,$04:FAD9,D8,178.25,80.172,True,frame_1312.png
1312,21495,0x16C0,$02:9203,D8,146.188,184.0,True,frame_1312.png
1312,21495,0x1700,$02:93DD,D8,197.0,156.0,True,frame_1312.png
1312,21495,0x1740,$02:9274,E0,146.0,176.0,True,frame_1312.png
1312,21495,0x1780,$02:AFA5,80,131.949,88.637,True,frame_1312.png
1312,21495,0x17C0,$02:B04A,C8,188.859,129.25,True,frame_1312.png
1312,21495,0x1800,$04:FCC0,D0,178.0,156.0,True,frame_1312.png
1312,21495,0x1840,$02:B04A,C8,220.727,104.133,True,frame_1312.png
1312,21495,0x1880,$02:B04A,C8,56.531,169.949,True,frame_1312.png
1312,21495,0x18C0,$02:B04A,C8,248.277,154.176,True,frame_1312.png
1312,21495,0x1AC0,$04:F97F,CC,137.0,156.0,True,frame_1312.png
1312,21495,0x1B00,$04:F97F,CC,63.281,42.719,True,frame_1312.png
1312,21495,0x1B40,$04:F97F,CC,105.0,101.312,True,frame_1312.png
1314,21497,0x1000,$04:DF96,C8,36.5,127.0,True,frame_1314.png
1314,21497,0x1080,$04:E6AF,C8,42.0,127.0,True,frame_1314.png
1314,21497,0x10C0,$04:E6E1,C0,190.0,157.0,True,frame_1314.png
1314,21497,0x1400,$04:FAD9,D8,177.25,80.172,True,frame_1314.png
1314,21497,0x1440,$04:FABA,C8,196.0,156.0,True,frame_1314.png
1314,21497,0x16C0,$02:9203,D8,145.188,184.0,True,frame_1314.png
1314,21497,0x1700,$04:FCC0,D0,196.0,156.0,True,frame_1314.png
1314,21497,0x1740,$02:9274,E0,145.0,176.0,True,frame_1314.png
1314,21497,0x1780,$02:AFA5,80,131.949,88.637,True,frame_1314.png
1314,21497,0x17C0,$02:B04A,C8,185.859,129.25,True,frame_1314.png
1314,21497,0x1800,$04:FCC0,D0,177.0,156.0,True,frame_1314.png
1314,21497,0x1840,$02:B04A,C8,217.961,102.992,True,frame_1314.png
1314,21497,0x1880,$02:B04A,C8,53.969,168.875,True,frame_1314.png
1314,21497,0x18C0,$02:B04A,C8,245.785,152.512,True,frame_1314.png
1314,21497,0x1AC0,$04:F97F,CC,133.75,156.0,True,frame_1314.png
1314,21497,0x1B00,$04:F97F,CC,60.586,40.914,True,frame_1314.png
1314,21497,0x1B40,$04:F97F,CC,102.0,100.07,True,frame_1314.png
1316,21499,0x1000,$04:DF96,C8,41.5,127.0,True,frame_1316.png
1316,21499,0x1080,$04:E6AF,C8,64.0,127.0,True,frame_1316.png
1316,21499,0x1400,$04:FAD9,D8,176.25,80.172,True,frame_1316.png
1316,21499,0x1440,$04:FABA,C8,195.375,156.93,True,frame_1316.png
1316,21499,0x16C0,$02:9203,D8,144.188,184.0,True,frame_1316.png
1316,21499,0x1700,$04:FCC0,D0,195.0,156.0,True,frame_1316.png
1316,21499,0x1740,$02:9274,E0,144.0,176.0,True,frame_1316.png
1316,21499,0x1780,$02:AFA5,80,131.949,88.637,True,frame_1316.png
1316,21499,0x17C0,$02:B04A,C8,182.859,129.25,True,frame_1316.png
1316,21499,0x1840,$02:B04A,C8,215.195,101.852,True,frame_1316.png
1316,21499,0x1880,$02:B04A,C8,51.531,167.723,True,frame_1316.png
1316,21499,0x18C0,$02:B04A,C8,243.293,150.848,True,frame_1316.png
1316,21499,0x1AC0,$04:F97F,CC,130.5,156.0,True,frame_1316.png
1316,21499,0x1B00,$04:F97F,CC,57.891,39.109,True,frame_1316.png
1316,21499,0x1B40,$04:F97F,CC,99.0,98.828,True,frame_1316.png
1318,21501,0x1000,$04:DF96,C8,46.5,127.0,True,frame_1318.png
1318,21501,0x1080,$04:E6AF,C8,86.0,127.0,True,frame_1318.png
1318,21501,0x1400,$04:FAD9,D8,175.25,80.172,True,frame_1318.png
1318,21501,0x1440,$04:FABA,C8,194.75,157.828,True,frame_1318.png
1318,21501,0x16C0,$02:9203,D8,143.188,184.0,True,frame_1318.png
1318,21501,0x1700,$04:FCC0,D0,194.0,156.0,True,frame_1318.png
1318,21501,0x1740,$02:9274,E0,143.0,176.0,True,frame_1318.png
1318,21501,0x1780,$02:B04A,88,272.0,128.0,False,frame_1318.png
1318,21501,0x17C0,$02:B04A,C8,179.859,129.25,True,frame_1318.png
1318,21501,0x1840,$02:B04A,C8,212.43,100.711,True,frame_1318.png
1318,21501,0x1880,$02:B04A,C8,49.219,166.492,True,frame_1318.png
1318,21501,0x18C0,$02:B04A,C8,240.801,149.184,True,frame_1318.png
1318,21501,0x1AC0,$04:F97F,CC,127.25,156.0,True,frame_1318.png
1318,21501,0x1B00,$04:F97F,CC,55.195,37.305,True,frame_1318.png
1318,21501,0x1B40,$04:F97F,CC,96.0,97.586,True,frame_1318.png
1320,21503,0x1000,$04:DF96,C8,51.5,127.0,True,frame_1320.png
1320,21503,0x1080,$04:E6AF,C8,108.0,127.0,True,frame_1320.png
1320,21503,0x1400,$04:FAD9,D8,174.25,80.172,True,frame_1320.png
1320,21503,0x1440,$04:FABA,C8,194.125,158.695,True,frame_1320.png
1320,21503,0x16C0,$02:9203,D8,142.188,184.0,True,frame_1320.png
1320,21503,0x1700,$04:FCC0,D0,193.0,156.0,True,frame_1320.png
1320,21503,0x1740,$02:9274,E0,142.0,176.0,True,frame_1320.png
1320,21503,0x1780,$02:B04A,C8,269.0,128.0,False,frame_1320.png
1320,21503,0x17C0,$02:B04A,C8,176.859,129.25,True,frame_1320.png
1320,21503,0x1840,$02:B04A,C8,209.578,99.852,True,frame_1320.png
1320,21503,0x1880,$02:B04A,C8,47.031,165.184,True,frame_1320.png
1320,21503,0x18C0,$02:B04A,C8,238.309,147.52,True,frame_1320.png
1320,21503,0x1AC0,$04:F97F,CC,124.0,156.0,True,frame_1320.png
1320,21503,0x1B00,$04:F97F,CC,52.5,35.5,True,frame_1320.png
1320,21503,0x1B40,$04:F97F,CC,93.0,96.344,True,frame_1320.png
1322,21505,0x1000,$04:DF96,C8,56.5,127.0,True,frame_1322.png
1322,21505,0x1080,$04:E6AF,C8,130.0,127.0,True,frame_1322.png
1322,21505,0x1400,$04:FAD9,D8,173.25,80.172,True,frame_1322.png
1322,21505,0x1440,$04:FABA,C8,193.5,159.531,True,frame_1322.png
1322,21505,0x16C0,$02:9203,D8,141.188,184.0,True,frame_1322.png
1322,21505,0x1700,$04:FCC0,D0,192.0,156.0,True,frame_1322.png
1322,21505,0x1740,$02:9274,E0,141.0,176.0,True,frame_1322.png
1322,21505,0x1780,$02:B04A,C8,266.0,128.0,False,frame_1322.png
1322,21505,0x17C0,$02:B04A,C8,173.859,129.25,True,frame_1322.png
1322,21505,0x1840,$02:B04A,C8,206.641,99.273,True,frame_1322.png
1322,21505,0x1880,$02:B04A,C8,44.969,163.797,True,frame_1322.png
1322,21505,0x18C0,$02:B04A,C8,235.816,145.855,True,frame_1322.png
1322,21505,0x1AC0,$04:F97F,CC,120.75,156.0,True,frame_1322.png
1322,21505,0x1B00,$04:F97F,CC,49.805,33.695,True,frame_1322.png
1322,21505,0x1B40,$04:F97F,CC,90.0,95.102,True,frame_1322.png
1324,21507,0x1000,$04:DF96,C8,61.5,127.0,True,frame_1324.png
1324,21507,0x1080,$04:E6AF,C8,152.0,127.0,True,frame_1324.png
1324,21507,0x10C0,$04:E6AF,C8,67.0,127.0,True,frame_1324.png
1324,21507,0x1400,$04:FAD9,D8,172.25,80.172,True,frame_1324.png
1324,21507,0x1440,$04:FABA,C8,192.875,160.336,True,frame_1324.png
1324,21507,0x16C0,$02:9203,D8,140.188,184.0,True,frame_1324.png
1324,21507,0x1700,$04:FCC0,D0,191.0,156.0,True,frame_1324.png
1324,21507,0x1740,$02:9274,E0,140.0,176.0,True,frame_1324.png
1324,21507,0x1780,$02:B04A,C8,263.0,128.0,False,frame_1324.png
1324,21507,0x17C0,$02:B04A,C8,170.859,129.25,True,frame_1324.png
1324,21507,0x1840,$02:B04A,C8,203.703,98.695,True,frame_1324.png
1324,21507,0x1880,$02:B04A,C8,43.031,162.332,True,frame_1324.png
1324,21507,0x18C0,$02:B04A,C8,233.324,144.191,True,frame_1324.png
1324,21507,0x1AC0,$04:F97F,CC,117.5,156.0,True,frame_1324.png
1324,21507,0x1B00,$04:F97F,CC,47.109,31.891,True,frame_1324.png
1324,21507,0x1B40,$04:F97F,CC,87.0,93.859,True,frame_1324.png
1326,21509,0x1000,$04:DF96,C8,66.5,127.0,True,frame_1326.png
1326,21509,0x1080,$04:E6E1,C0,163.0,127.0,True,frame_1326.png
1326,21509,0x10C0,$04:E6AF,C8,89.0,127.0,True,frame_1326.png
1326,21509,0x1400,$04:FAD9,D8,171.25,80.172,True,frame_1326.png
1326,21509,0x1440,$04:FABA,C8,192.25,161.109,True,frame_1326.png
1326,21509,0x16C0,$02:9203,D8,139.188,184.0,True,frame_1326.png
1326,21509,0x1700,$04:FCC0,D0,190.0,156.0,True,frame_1326.png
1326,21509,0x1740,$02:9274,E0,139.0,176.0,True,frame_1326.png
1326,21509,0x1780,$02:B04A,C8,260.0,128.0,False,frame_1326.png
1326,21509,0x17C0,$04:FCC0,D0,169.359,129.25,True,frame_1326.png
1326,21509,0x1840,$02:B04A,C8,200.766,98.117,True,frame_1326.png
1326,21509,0x1880,$02:B04A,C8,41.219,160.789,True,frame_1326.png
1326,21509,0x18C0,$02:B04A,C8,230.832,142.527,True,frame_1326.png
1326,21509,0x1AC0,$04:F97F,CC,114.25,156.0,True,frame_1326.png
1326,21509,0x1B00,$04:F97F,CC,44.414,30.086,True,frame_1326.png
1326,21509,0x1B40,$04:F97F,CC,84.0,92.617,True,frame_1326.png
1328,21511,0x1000,$04:DF96,C8,71.5,127.0,True,frame_1328.png
1328,21511,0x10C0,$04:E6AF,C8,111.0,127.0,True,frame_1328.png
1328,21511,0x1400,$04:FAD9,D8,170.25,80.172,True,frame_1328.png
1328,21511,0x1440,$04:FABA,C8,191.625,161.852,True,frame_1328.png
1328,21511,0x16C0,$02:9203,D8,138.188,184.0,True,frame_1328.png
1328,21511,0x1700,$04:FCC0,D0,189.0,156.0,True,frame_1328.png
1328,21511,0x1740,$02:9274,E0,138.0,176.0,True,frame_1328.png
1328,21511,0x1780,$02:B04A,C8,257.0,128.0,False,frame_1328.png
1328,21511,0x17C0,$04:FCC0,D0,168.359,129.25,True,frame_1328.png
1328,21511,0x1840,$02:B04A,C8,197.828,97.539,True,frame_1328.png
1328,21511,0x1880,$02:B04A,C8,39.531,159.168,True,frame_1328.png
1328,21511,0x18C0,$02:B04A,C8,228.34,140.863,True,frame_1328.png
1328,21511,0x1AC0,$04:F97F,CC,111.0,156.0,True,frame_1328.png
1328,21511,0x1B00,$04:F97F,CC,41.719,28.281,True,frame_1328.png
1328,21511,0x1B40,$04:F97F,CC,81.0,91.375,True,frame_1328.png
1330,21513,0x1000,$04:DF96,C8,76.5,127.0,True,frame_1330.png
1330,21513,0x10C0,$04:E6AF,C8,133.0,127.0,True,frame_1330.png
1330,21513,0x1400,$04:FAD9,D8,169.25,80.172,True,frame_1330.png
1330,21513,0x1440,$04:FABA,C8,191.0,162.562,True,frame_1330.png
1330,21513,0x16C0,$02:9203,D8,137.188,184.0,True,frame_1330.png
1330,21513,0x1700,$04:FCC0,D0,188.0,156.0,True,frame_1330.png
1330,21513,0x1740,$02:9274,E0,137.0,176.0,True,frame_1330.png
1330,21513,0x1780,$02:B04A,C8,254.508,126.336,True,frame_1330.png
1330,21513,0x17C0,$04:FCC0,D0,167.359,129.25,True,frame_1330.png
1330,21513,0x1840,$02:B04A,C8,194.859,97.25,True,frame_1330.png
1330,21513,0x1880,$02:B04A,C8,37.969,157.469,True,frame_1330.png
1330,21513,0x18C0,$02:B04A,C8,225.848,139.199,True,frame_1330.png
1330,21513,0x1AC0,$04:F97F,CC,107.75,156.0,True,frame_1330.png
1330,21513,0x1B00,$04:F97F,CC,39.023,26.477,True,frame_1330.png
1330,21513,0x1B40,$04:F97F,CC,78.0,90.133,True,frame_1330.png
1332,21515,0x1000,$04:DF96,C8,81.5,127.0,True,frame_1332.png
1332,21515,0x10C0,$04:E6AF,C8,155.0,127.0,True,frame_1332.png
1332,21515,0x1400,$04:FAD9,D8,168.25,80.172,True,frame_1332.png
1332,21515,0x1440,$04:FABA,C8,190.375,163.242,True,frame_1332.png
1332,21515,0x16C0,$02:9203,D8,136.188,184.0,True,frame_1332.png
1332,21515,0x1700,$04:FCC0,D0,187.0,156.0,True,frame_1332.png
1332,21515,0x1740,$02:9274,E0,136.0,176.0,True,frame_1332.png
1332,21515,0x1780,$02:B04A,C8,252.016,124.672,True,frame_1332.png
1332,21515,0x17C0,$04:FCC0,D0,166.359,129.25,True,frame_1332.png
1332,21515,0x1840,$02:B04A,C8,191.859,97.25,True,frame_1332.png
1332,21515,0x1880,$02:B04A,C8,36.531,155.691,True,frame_1332.png
1332,21515,0x18C0,$02:B04A,C8,223.355,137.535,True,frame_1332.png
1332,21515,0x1AC0,$04:F97F,CC,104.5,156.0,True,frame_1332.png
1332,21515,0x1B00,$04:F97F,CC,36.328,24.672,True,frame_1332.png
1332,21515,0x1B40,$04:F97F,CC,75.0,88.891,True,frame_1332.png
1334,21517,0x1000,$04:DF96,C8,76.5,127.0,True,frame_1334.png
1334,21517,0x10C0,$04:E6AF,C8,177.0,127.0,True,frame_1334.png
1334,21517,0x1400,$04:FAD9,D8,167.25,80.172,True,frame_1334.png
1334,21517,0x1440,$04:FABA,C8,189.75,163.891,True,frame_1334.png
1334,21517,0x16C0,$02:9203,D8,135.188,184.0,True,frame_1334.png
1334,21517,0x1700,$04:FCC0,D0,186.0,156.0,True,frame_1334.png
1334,21517,0x1740,$02:9274,E0,135.0,176.0,True,frame_1334.png
1334,21517,0x1780,$02:B04A,C8,249.523,123.008,True,frame_1334.png
1334,21517,0x17C0,$04:FCC0,D0,165.359,129.25,True,frame_1334.png
1334,21517,0x1840,$02:B04A,C8,188.859,97.25,True,frame_1334.png
1334,21517,0x1880,$02:B04A,C8,35.219,153.836,True,frame_1334.png
1334,21517,0x18C0,$02:B04A,C8,220.727,136.133,True,frame_1334.png
1334,21517,0x1AC0,$04:F97F,CC,101.25,156.0,True,frame_1334.png
1334,21517,0x1B00,$04:F97F,CC,33.633,22.867,True,frame_1334.png
1334,21517,0x1B40,$04:F97F,CC,72.0,87.648,True,frame_1334.png
1336,21519,0x1000,$04:DF96,C8,71.5,127.0,True,frame_1336.png
1336,21519,0x10C0,$04:E6AF,C8,199.0,127.0,True,frame_1336.png
1336,21519,0x1400,$04:FAD9,D8,166.25,80.172,True,frame_1336.png
1336,21519,0x1440,$04:FABA,C8,189.125,164.508,True,frame_1336.png
1336,21519,0x16C0,$02:9203,D8,134.188,184.0,True,frame_1336.png
1336,21519,0x1700,$04:FCC0,D0,185.0,156.0,True,frame_1336.png
1336,21519,0x1740,$02:9274,E0,134.0,176.0,True,frame_1336.png
1336,21519,0x1780,$02:B04A,C8,247.031,121.344,True,frame_1336.png
1336,21519,0x17C0,$04:FCC0,D0,164.359,129.25,True,frame_1336.png
1336,21519,0x1840,$02:B04A,C8,185.859,97.25,True,frame_1336.png
1336,21519,0x1880,$02:B04A,C8,34.031,151.902,True,frame_1336.png
1336,21519,0x18C0,$02:B04A,C8,217.961,134.992,True,frame_1336.png
1336,21519,0x1AC0,$04:F97F,CC,98.0,156.0,True,frame_1336.png
1336,21519,0x1B00,$04:F97F,CC,30.938,21.062,True,frame_1336.png
1336,21519,0x1B40,$04:F97F,CC,69.0,86.406,True,frame_1336.png
1338,21521,0x1000,$04:DF96,C8,66.5,127.0,True,frame_1338.png
1338,21521,0x1080,$04:E6AF,C8,72.0,127.0,True,frame_1338.png
1338,21521,0x10C0,$04:E6E1,C0,210.0,127.0,True,frame_1338.png
1338,21521,0x1400,$04:FAD9,D8,165.25,80.172,True,frame_1338.png
1338,21521,0x1440,$04:FABA,C8,188.5,165.094,True,frame_1338.png
1338,21521,0x16C0,$02:9203,D8,133.188,184.0,True,frame_1338.png
1338,21521,0x1700,$04:FCC0,D0,184.0,156.0,True,frame_1338.png
1338,21521,0x1740,$02:9274,E0,133.0,176.0,True,frame_1338.png
1338,21521,0x1780,$02:B04A,C8,244.539,119.68,True,frame_1338.png
1338,21521,0x17C0,$04:FCC0,D0,163.359,129.25,True,frame_1338.png
1338,21521,0x1800,$02:93CD,D0,272.0,188.0,False,frame_1338.png
1338,21521,0x1840,$02:B04A,C8,182.859,97.25,True,frame_1338.png
1338,21521,0x1880,$02:B04A,C8,32.969,149.891,True,frame_1338.png
1338,21521,0x18C0,$04:FCC0,D0,216.578,134.422,True,frame_1338.png
1338,21521,0x1AC0,$04:F97F,CC,94.75,156.0,True,frame_1338.png
1338,21521,0x1B00,$04:F97F,CC,28.242,19.258,True,frame_1338.png
1338,21521,0x1B40,$04:F97F,CC,66.0,85.164,True,frame_1338.png
1340,21523,0x1000,$04:DF96,C8,66.5,122.0,True,frame_1340.png
1340,21523,0x1080,$04:E6AF,C8,94.0,127.0,True,frame_1340.png
1340,21523,0x1400,$04:FAD9,D8,164.25,80.172,True,frame_1340.png
1340,21523,0x1440,$04:FABA,C8,187.875,165.648,True,frame_1340.png
1340,21523,0x16C0,$02:9203,D8,132.188,184.0,True,frame_1340.png
1340,21523,0x1740,$02:9274,E0,132.0,176.0,True,frame_1340.png
1340,21523,0x1780,$02:B04A,C8,242.047,118.016,True,frame_1340.png
1340,21523,0x17C0,$04:FCC0,D0,162.359,129.25,True,frame_1340.png
1340,21523,0x1800,$02:93CD,D0,271.0,188.0,False,frame_1340.png
1340,21523,0x1840,$02:B04A,C8,179.859,97.25,True,frame_1340.png
1340,21523,0x1880,$02:B04A,C8,32.031,147.801,True,frame_1340.png
1340,21523,0x18C0,$04:FCC0,D0,215.578,134.422,True,frame_1340.png
1340,21523,0x1AC0,$04:F97F,CC,91.5,156.0,True,frame_1340.png
1340,21523,0x1B00,$04:F97F,CC,25.547,17.453,True,frame_1340.png
1340,21523,0x1B40,$04:F97F,CC,63.0,83.922,True,frame_1340.png
1342,21525,0x1000,$04:DF96,C8,66.5,117.0,True,frame_1342.png
1342,21525,0x1080,$04:E6AF,C8,116.0,127.0,True,frame_1342.png
1342,21525,0x1400,$04:FAD9,D8,163.25,80.172,True,frame_1342.png
1342,21525,0x1440,$04:FABA,C8,187.25,166.172,True,frame_1342.png
1342,21525,0x16C0,$02:9203,D8,131.188,184.0,True,frame_1342.png
1342,21525,0x1740,$02:9274,E0,131.0,176.0,True,frame_1342.png
1342,21525,0x1780,$02:B04A,C8,239.555,116.352,True,frame_1342.png
1342,21525,0x17C0,$04:FCC0,D0,161.359,129.25,True,frame_1342.png
1342,21525,0x1800,$02:93CD,D0,270.0,188.0,False,frame_1342.png
1342,21525,0x1840,$02:B04A,C8,176.859,97.25,True,frame_1342.png
1342,21525,0x1880,$02:B04A,C8,31.219,145.633,True,frame_1342.png
1342,21525,0x18C0,$04:FCC0,D0,214.578,134.422,True,frame_1342.png
1342,21525,0x1AC0,$04:F97F,CC,88.25,156.0,True,frame_1342.png
1342,21525,0x1B00,$04:F97F,CC,22.852,15.648,True,frame_1342.png
1342,21525,0x1B40,$04:F97F,CC,60.0,82.68,True,frame_1342.png
1344,21527,0x1000,$04:DF96,C8,66.5,112.0,True,frame_1344.png
1344,21527,0x1080,$04:E6AF,C8,138.0,127.0,True,frame_1344.png
1344,21527,0x1400,$04:FAD9,D8,162.25,80.172,True,frame_1344.png
1344,21527,0x1440,$04:FABA,C8,186.625,166.664,True,frame_1344.png
1344,21527,0x16C0,$02:9203,D8,130.188,184.0,True,frame_1344.png
1344,21527,0x1740,$02:9274,E0,130.0,176.0,True,frame_1344.png
1344,21527,0x1780,$02:B04A,C8,237.062,114.688,True,frame_1344.png
1344,21527,0x17C0,$04:FCC0,D0,160.359,129.25,True,frame_1344.png
1344,21527,0x1800,$02:93CD,D0,269.0,188.0,False,frame_1344.png
1344,21527,0x1840,$02:B04A,C8,173.859,97.25,True,frame_1344.png
1344,21527,0x1880,$02:B04A,C8,30.508,143.391,True,frame_1344.png
1344,21527,0x18C0,$04:FCC0,D0,213.578,134.422,True,frame_1344.png
1344,21527,0x1AC0,$04:F97F,CC,85.0,156.0,True,frame_1344.png
1344,21527,0x1B00,$04:F97F,CC,20.156,13.844,True,frame_1344.png
1344,21527,0x1B40,$04:F97F,CC,57.0,81.438,True,frame_1344.png
1346,21529,0x1000,$04:DF96,C8,66.5,107.0,True,frame_1346.png
1346,21529,0x1080,$04:E6AF,C8,160.0,127.0,True,frame_1346.png
1346,21529,0x1400,$04:FAD9,D8,161.25,80.172,True,frame_1346.png
1346,21529,0x1440,$04:FABA,C8,186.0,167.125,True,frame_1346.png
1346,21529,0x16C0,$02:9203,D8,129.188,184.0,True,frame_1346.png
1346,21529,0x1740,$02:9274,E0,129.0,176.0,True,frame_1346.png
1346,21529,0x1780,$02:B04A,C8,234.57,113.023,True,frame_1346.png
1346,21529,0x17C0,$04:FCC0,D0,159.359,129.25,True,frame_1346.png
1346,21529,0x1800,$02:93CD,D0,268.0,188.0,False,frame_1346.png
1346,21529,0x1840,$02:B04A,C8,170.859,97.25,True,frame_1346.png
1346,21529,0x1880,$02:B04A,C8,29.828,141.086,True,frame_1346.png
1346,21529,0x18C0,$04:FCC0,D0,212.578,134.422,True,frame_1346.png
1346,21529,0x1AC0,$04:F97F,CC,81.75,156.0,True,frame_1346.png
1346,21529,0x1B00,$04:F97F,CC,17.461,12.039,True,frame_1346.png
1346,21529,0x1B40,$04:F97F,CC,54.0,80.195,True,frame_1346.png
1348,21531,0x1000,$04:DF96,C8,66.5,102.0,True,frame_1348.png
1348,21531,0x1080,$04:E6AF,C8,182.0,127.0,True,frame_1348.png
1348,21531,0x10C0,$04:E6AF,C8,72.0,102.0,True,frame_1348.png
1348,21531,0x1400,$04:FAD9,D8,160.25,80.172,True,frame_1348.png
1348,21531,0x1440,$04:FABA,C8,185.375,167.555,True,frame_1348.png
1348,21531,0x16C0,$02:9203,D8,128.188,184.0,True,frame_1348.png
1348,21531,0x1740,$02:9274,E0,128.0,176.0,True,frame_1348.png
1348,21531,0x1780,$02:B04A,C8,232.078,111.359,True,frame_1348.png
1348,21531,0x17C0,$04:FCC0,D0,158.359,129.25,True,frame_1348.png
1348,21531,0x1800,$02:93CD,D0,267.0,188.0,False,frame_1348.png
1348,21531,0x1840,$02:B04A,C8,167.859,97.25,True,frame_1348.png
1348,21531,0x1880,$02:B04A,C8,29.18,138.719,True,frame_1348.png
1348,21531,0x18C0,$04:FCC0,D0,211.578,134.422,True,frame_1348.png
1348,21531,0x1AC0,$04:F97F,CC,78.5,156.0,True,frame_1348.png
1348,21531,0x1B00,$04:F97F,CC,14.766,10.234,True,frame_1348.png
1348,21531,0x1B40,$04:F97F,CC,51.0,78.953,True,frame_1348.png
1350,21533,0x1000,$04:DF96,C8,66.5,97.0,True,frame_1350.png
1350,21533,0x1080,$04:E6AF,C8,204.0,127.0,True,frame_1350.png
1350,21533,0x10C0,$04:E6AF,C8,94.0,102.0,True,frame_1350.png
1350,21533,0x1400,$04:FAD9,D8,159.25,80.172,True,frame_1350.png
1350,21533,0x1440,$04:FABA,C8,184.75,167.953,True,frame_1350.png
1350,21533,0x16C0,$02:9203,D8,127.188,184.0,True,frame_1350.png
1350,21533,0x1740,$02:9274,E0,127.0,176.0,True,frame_1350.png
1350,21533,0x1780,$02:B04A,C8,229.586,109.695,True,frame_1350.png
1350,21533,0x17C0,$04:FCC0,D0,157.359,129.25,True,frame_1350.png
1350,21533,0x1800,$02:93CD,D0,266.0,188.0,False,frame_1350.png
1350,21533,0x1840,$02:B04A,C8,164.859,97.25,True,frame_1350.png
1350,21533,0x1880,$02:B04A,C8,28.562,136.289,True,frame_1350.png
1350,21533,0x18C0,$04:FCC0,D0,210.578,134.422,True,frame_1350.png
1350,21533,0x1AC0,$04:F97F,CC,75.25,156.0,True,frame_1350.png
1350,21533,0x1B00,$04:F97F,CC,12.07,8.43,True,frame_1350.png
1350,21533,0x1B40,$04:F97F,CC,48.0,77.711,True,frame_1350.png
1352,21535,0x1000,$04:DF96,C8,71.5,97.0,True,frame_1352.png
1352,21535,0x1080,$04:E6AF,C8,226.0,127.0,True,frame_1352.png
1352,21535,0x10C0,$04:E6AF,C8,116.0,102.0,True,frame_1352.png
1352,21535,0x1400,$04:FAD9,D8,158.25,80.172,True,frame_1352.png
1352,21535,0x1440,$04:FABA,C8,184.125,168.32,True,frame_1352.png
1352,21535,0x16C0,$02:9203,D8,126.188,184.0,True,frame_1352.png
1352,21535,0x1740,$02:9274,E0,126.0,176.0,True,frame_1352.png
1352,21535,0x1780,$02:B04A,C8,227.094,108.031,True,frame_1352.png
1352,21535,0x1800,$02:93CD,D0,265.0,188.0,False,frame_1352.png
1352,21535,0x1840,$02:B04A,C8,161.859,97.25,True,frame_1352.png
1352,21535,0x1880,$02:B04A,C8,27.977,133.797,True,frame_1352.png
1352,21535,0x18C0,$04:FCC0,D0,209.578,134.422,True,frame_1352.png
1352,21535,0x1AC0,$04:F97F,CC,72.0,156.0,True,frame_1352.png
1352,21535,0x1B00,$04:F97F,CC,9.375,6.625,True,frame_1352.png
1352,21535,0x1B40,$04:F97F,CC,45.0,76.469,True,frame_1352.png
1354,21537,0x1000,$04:DF96,C8,76.5,97.0,True,frame_1354.png
1354,21537,0x1080,$04:E6AF,C8,248.0,127.0,True,frame_1354.png
1354,21537,0x10C0,$04:E6AF,C8,138.0,102.0,True,frame_1354.png
1354,21537,0x1400,$04:FAD9,D8,157.25,80.172,True,frame_1354.png
1354,21537,0x1440,$04:FABA,C8,183.5,168.656,True,frame_1354.png
1354,21537,0x16C0,$02:9203,D8,125.188,184.0,True,frame_1354.png
1354,21537,0x1740,$02:9274,E0,125.0,176.0,True,frame_1354.png
1354,21537,0x1780,$02:B04A,C8,224.602,106.367,True,frame_1354.png
1354,21537,0x1800,$02:93CD,D0,264.0,188.0,False,frame_1354.png
1354,21537,0x1840,$02:B04A,C8,158.859,97.25,True,frame_1354.png
1354,21537,0x1880,$02:B04A,C8,27.422,131.242,True,frame_1354.png
1354,21537,0x18C0,$04:FCC0,D0,208.578,134.422,True,frame_1354.png
1354,21537,0x1AC0,$04:F97F,CC,68.75,156.0,True,frame_1354.png
1354,21537,0x1B00,$04:F97F,CC,6.68,4.82,True,frame_1354.png
1354,21537,0x1B40,$04:F97F,CC,42.0,75.227,True,frame_1354.png
1356,21539,0x1000,$04:DF96,C8,81.5,97.0,True,frame_1356.png
1356,21539,0x10C0,$04:E6E1,C0,149.0,102.0,True,frame_1356.png
1356,21539,0x1400,$04:FAD9,D8,156.25,80.172,True,frame_1356.png
1356,21539,0x1440,$04:FABA,C8,182.875,168.961,True,frame_1356.png
1356,21539,0x16C0,$02:9203,D8,124.188,184.0,True,frame_1356.png
1356,21539,0x1740,$02:9274,E0,124.0,176.0,True,frame_1356.png
1356,21539,0x1780,$02:B04A,C8,222.109,104.703,True,frame_1356.png
1356,21539,0x1800,$02:93CD,D0,263.0,188.0,False,frame_1356.png
1356,21539,0x1840,$04:FCC0,D0,157.359,97.25,True,frame_1356.png
1356,21539,0x1880,$02:B04A,C8,26.898,128.625,True,frame_1356.png
1356,21539,0x18C0,$04:FCC0,D0,207.578,134.422,True,frame_1356.png
1356,21539,0x1AC0,$04:F97F,CC,65.5,156.0,True,frame_1356.png
1356,21539,0x1B00,$04:F97F,CC,3.984,3.016,True,frame_1356.png
1356,21539,0x1B40,$04:F97F,CC,39.0,73.984,True,frame_1356.png
1358,21541,0x1000,$04:DF96,C8,86.5,97.0,True,frame_1358.png
1358,21541,0x1400,$04:FAD9,D8,155.25,80.172,True,frame_1358.png
1358,21541,0x1440,$04:FABA,C8,182.25,169.234,True,frame_1358.png
1358,21541,0x16C0,$02:9203,D8,123.188,184.0,True,frame_1358.png
1358,21541,0x1740,$02:9274,E0,123.0,176.0,True,frame_1358.png
1358,21541,0x1780,$02:B04A,C8,219.344,103.562,True,frame_1358.png
1358,21541,0x1800,$02:93CD,D0,262.0,188.0,False,frame_1358.png
1358,21541,0x1840,$04:FCC0,D0,156.359,97.25,True,frame_1358.png
1358,21541,0x1880,$02:B04A,C8,26.406,125.945,True,frame_1358.png
1358,21541,0x18C0,$04:FCC0,D0,206.578,134.422,True,frame_1358.png
1358,21541,0x1AC0,$04:F97F,CC,62.25,156.0,True,frame_1358.png
1358,21541,0x1B00,$04:F97F,CC,1.289,1.211,True,frame_1358.png
1358,21541,0x1B40,$04:F97F,CC,36.0,72.742,True,frame_1358.png
1360,21543,0x1000,$04:DF96,C8,91.5,97.0,True,frame_1360.png
1360,21543,0x1400,$04:FAD9,D8,154.25,80.172,True,frame_1360.png
1360,21543,0x1440,$04:FABA,C8,181.625,169.477,True,frame_1360.png
1360,21543,0x16C0,$02:9203,D8,122.188,184.0,True,frame_1360.png
1360,21543,0x1740,$02:9274,E0,122.0,176.0,True,frame_1360.png
1360,21543,0x1780,$02:B04A,C8,216.578,102.422,True,frame_1360.png
1360,21543,0x1800,$02:93CD,D0,261.0,188.0,False,frame_1360.png
1360,21543,0x1840,$04:FCC0,D0,155.359,97.25,True,frame_1360.png
1360,21543,0x1880,$02:B04A,C8,25.945,123.203,True,frame_1360.png
1360,21543,0x18C0,$04:FCC0,D0,205.578,134.422,True,frame_1360.png
1360,21543,0x1AC0,$04:F97F,CC,59.0,156.0,True,frame_1360.png
1360,21543,0x1B00,$04:F97F,CC,-1.406,-0.594,False,frame_1360.png
1360,21543,0x1B40,$04:F97F,CC,33.0,71.5,True,frame_1360.png
1362,21545,0x1000,$04:DF96,C8,96.5,97.0,True,frame_1362.png
1362,21545,0x1080,$04:E6AF,C8,102.0,97.0,True,frame_1362.png
1362,21545,0x1400,$04:FAD9,D8,153.25,80.172,True,frame_1362.png
1362,21545,0x1440,$04:FABA,C8,181.0,169.688,True,frame_1362.png
1362,21545,0x16C0,$02:9203,D8,121.188,184.0,True,frame_1362.png
1362,21545,0x1740,$02:9274,E0,121.0,176.0,True,frame_1362.png
1362,21545,0x1780,$02:B04A,C8,213.812,101.281,True,frame_1362.png
1362,21545,0x1800,$02:93CD,D0,260.0,188.0,False,frame_1362.png
1362,21545,0x1840,$04:FCC0,D0,154.359,97.25,True,frame_1362.png
1362,21545,0x1880,$02:B04A,C8,25.516,120.398,True,frame_1362.png
1362,21545,0x18C0,$04:FCC0,D0,204.578,134.422,True,frame_1362.png
1362,21545,0x1AC0,$04:F97F,CC,55.75,156.0,True,frame_1362.png
1362,21545,0x1B00,$04:F97F,CC,-4.102,-2.398,False,frame_1362.png
1362,21545,0x1B40,$04:F97F,CC,30.0,70.258,True,frame_1362.png
1364,21547,0x1000,$04:DF96,C8,101.5,97.0,True,frame_1364.png
1364,21547,0x1080,$04:E6AF,C8,124.0,97.0,True,frame_1364.png
1364,21547,0x1400,$04:FAD9,D8,152.25,80.172,True,frame_1364.png
1364,21547,0x1440,$04:FABA,C8,180.375,169.867,True,frame_1364.png
1364,21547,0x16C0,$02:9203,D8,120.188,184.0,True,frame_1364.png
1364,21547,0x1740,$02:9274,E0,120.0,176.0,True,frame_1364.png
1364,21547,0x1780,$02:B04A,C8,211.047,100.141,True,frame_1364.png
1364,21547,0x1800,$02:93CD,D0,259.0,188.0,False,frame_1364.png
1364,21547,0x1840,$04:FCC0,D0,153.359,97.25,True,frame_1364.png
1364,21547,0x1880,$02:B04A,C8,25.117,117.531,True,frame_1364.png
1364,21547,0x1AC0,$04:F97F,CC,52.5,156.0,True,frame_1364.png
1364,21547,0x1B00,$04:F97F,CC,-6.797,-4.203,False,frame_1364.png
1364,21547,0x1B40,$04:F97F,CC,27.0,69.016,True,frame_1364.png
1366,21549,0x1000,$04:DF96,C8,106.5,97.0,True,frame_1366.png
1366,21549,0x1080,$04:E6AF,C8,146.0,97.0,True,frame_1366.png
1366,21549,0x1400,$04:FAD9,D8,151.25,80.172,True,frame_1366.png
1366,21549,0x1440,$04:FABA,C8,179.75,170.016,True,frame_1366.png
1366,21549,0x16C0,$02:9203,D8,119.188,184.0,True,frame_1366.png
1366,21549,0x1740,$02:9274,E0,119.0,176.0,True,frame_1366.png
1366,21549,0x1780,$02:B04A,C8,208.109,99.562,True,frame_1366.png
1366,21549,0x1800,$02:93CD,D0,258.0,188.0,False,frame_1366.png
1366,21549,0x1840,$04:FCC0,D0,152.359,97.25,True,frame_1366.png
1366,21549,0x1880,$02:B04A,C8,24.75,114.602,True,frame_1366.png
1366,21549,0x1AC0,$04:F97F,CC,49.25,156.0,True,frame_1366.png
1366,21549,0x1B00,$04:F97F,CC,-9.492,-6.008,False,frame_1366.png
1366,21549,0x1B40,$04:F97F,CC,24.0,67.773,True,frame_1366.png
1368,21551,0x1000,$04:DF96,C8,111.5,97.0,True,frame_1368.png
1368,21551,0x1080,$04:E6AF,C8,168.0,97.0,True,frame_1368.png
1368,21551,0x1400,$04:FAD9,D8,150.25,80.172,True,frame_1368.png
1368,21551,0x1440,$04:FABA,C8,179.125,170.133,True,frame_1368.png
1368,21551,0x16C0,$02:9203,D8,118.188,184.0,True,frame_1368.png
1368,21551,0x1740,$02:9274,E0,118.0,176.0,True,frame_1368.png
1368,21551,0x1780,$02:B04A,C8,205.172,98.984,True,frame_1368.png
1368,21551,0x1800,$02:93CD,D0,257.0,188.0,False,frame_1368.png
1368,21551,0x1840,$04:FCC0,D0,151.359,97.25,True,frame_1368.png
1368,21551,0x1880,$02:B04A,C8,24.441,111.637,True,frame_1368.png
1368,21551,0x1AC0,$04:F97F,CC,46.0,156.0,True,frame_1368.png
1368,21551,0x1B00,$04:F97F,CC,-12.188,-7.812,False,frame_1368.png
1368,21551,0x1B40,$04:F97F,CC,21.0,66.531,True,frame_1368.png
1370,21553,0x1000,$04:DF96,C8,106.5,97.0,True,frame_1370.png
1370,21553,0x1080,$04:E6AF,C8,190.0,97.0,True,frame_1370.png
1370,21553,0x1400,$04:FAD9,D8,149.25,80.172,True,frame_1370.png
1370,21553,0x1440,$04:FABA,C8,178.5,170.219,True,frame_1370.png
1370,21553,0x16C0,$02:9203,D8,117.188,184.0,True,frame_1370.png
1370,21553,0x1740,$02:9274,E0,117.0,176.0,True,frame_1370.png
1370,21553,0x1780,$02:B04A,C8,202.234,98.406,True,frame_1370.png
1370,21553,0x1800,$02:93CD,D0,256.0,188.0,False,frame_1370.png
1370,21553,0x1840,$04:FCC0,D0,150.359,97.25,True,frame_1370.png
1370,21553,0x1880,$02:B04A,C8,24.273,108.719,True,frame_1370.png
1370,21553,0x1AC0,$04:F97F,CC,42.75,156.0,True,frame_1370.png
1370,21553,0x1B00,$04:F97F,CC,-14.883,-9.617,False,frame_1370.png
1370,21553,0x1B40,$04:F97F,CC,18.0,65.289,True,frame_1370.png
1372,21555,0x1000,$04:DF96,C8,101.5,97.0,True,frame_1372.png
1372,21555,0x10C0,$04:E6AF,C8,107.0,97.0,True,frame_1372.png
1372,21555,0x1400,$04:FAD9,D8,148.25,80.172,True,frame_1372.png
1372,21555,0x1440,$04:FABA,C8,177.875,170.273,True,frame_1372.png
1372,21555,0x16C0,$02:9203,D8,116.188,184.0,True,frame_1372.png
1372,21555,0x1740,$02:9274,E0,116.0,176.0,True,frame_1372.png
1372,21555,0x1780,$04:FCC0,D0,202.234,98.406,True,frame_1372.png
1372,21555,0x1800,$02:93CD,D0,255.0,188.0,True,frame_1372.png
1372,21555,0x1840,$04:FCC0,D0,149.359,97.25,True,frame_1372.png
1372,21555,0x1880,$02:B04A,C8,24.246,105.848,True,frame_1372.png
1372,21555,0x1AC0,$04:F97F,CC,39.5,156.0,True,frame_1372.png
1372,21555,0x1B00,$04:F97F,CC,-17.578,-11.422,False,frame_1372.png
1372,21555,0x1B40,$04:F97F,CC,15.0,64.047,True,frame_1372.png
1374,21557,0x1000,$04:DF96,C8,96.5,97.0,True,frame_1374.png
1374,21557,0x10C0,$04:E6AF,C8,129.0,97.0,True,frame_1374.png
1374,21557,0x1400,$04:FAD9,D8,147.25,80.172,True,frame_1374.png
1374,21557,0x1440,$04:FABA,C8,177.25,170.297,True,frame_1374.png
1374,21557,0x16C0,$02:9203,D8,115.188,184.0,True,frame_1374.png
1374,21557,0x1740,$02:9274,E0,115.0,176.0,True,frame_1374.png
1374,21557,0x1780,$04:FCC0,D0,201.234,98.406,True,frame_1374.png
1374,21557,0x1800,$02:93CD,D0,254.0,188.0,True,frame_1374.png
1374,21557,0x1840,$04:FCC0,D0,148.359,97.25,True,frame_1374.png
1374,21557,0x1880,$02:B04A,C8,24.359,103.023,True,frame_1374.png
1374,21557,0x1AC0,$04:F97F,CC,36.25,156.0,True,frame_1374.png
1374,21557,0x1B00,$04:F97F,CC,-20.273,-13.227,False,frame_1374.png
1374,21557,0x1B40,$04:F97F,CC,12.0,62.805,True,frame_1374.png
1376,21559,0x1000,$04:DF96,C8,96.5,102.0,True,frame_1376.png
1376,21559,0x10C0,$04:E6AF,C8,151.0,97.0,True,frame_1376.png
1376,21559,0x1400,$04:FAD9,D8,146.25,80.172,True,frame_1376.png
1376,21559,0x1440,$04:FABA,C8,176.625,170.289,True,frame_1376.png
1376,21559,0x16C0,$02:9203,D8,114.188,184.0,True,frame_1376.png
1376,21559,0x1740,$02:9274,E0,114.0,176.0,True,frame_1376.png
1376,21559,0x1780,$04:FCC0,D0,200.234,98.406,True,frame_1376.png
1376,21559,0x1800,$02:93CD,D0,253.0,188.0,True,frame_1376.png
1376,21559,0x1840,$04:FCC0,D0,147.359,97.25,True,frame_1376.png
1376,21559,0x1880,$02:B04A,C8,24.613,100.246,True,frame_1376.png
1376,21559,0x1AC0,$04:F97F,CC,33.0,156.0,True,frame_1376.png
1376,21559,0x1B00,$04:F97F,CC,-22.969,-15.031,False,frame_1376.png
1376,21559,0x1B40,$04:F97F,CC,9.0,61.562,True,frame_1376.png
1378,21561,0x1000,$04:DF96,C8,96.5,107.0,True,frame_1378.png
1378,21561,0x10C0,$04:E6AF,C8,173.0,97.0,True,frame_1378.png
1378,21561,0x1400,$04:FAD9,D8,145.25,80.172,True,frame_1378.png
1378,21561,0x1440,$04:FABA,C8,176.0,170.25,True,frame_1378.png
1378,21561,0x16C0,$02:9203,D8,113.188,184.0,True,frame_1378.png
1378,21561,0x1740,$02:9274,E0,113.0,176.0,True,frame_1378.png
1378,21561,0x1780,$04:FCC0,D0,199.234,98.406,True,frame_1378.png
1378,21561,0x1800,$02:93DD,D8,252.0,188.0,True,frame_1378.png
1378,21561,0x1840,$04:FCC0,D0,146.359,97.25,True,frame_1378.png
1378,21561,0x1880,$02:B04A,C8,25.008,97.516,True,frame_1378.png
1378,21561,0x1AC0,$04:F97F,CC,29.75,156.0,True,frame_1378.png
1378,21561,0x1B00,$04:F97F,CC,-25.664,-16.836,False,frame_1378.png
1378,21561,0x1B40,$04:F97F,CC,6.0,60.32,True,frame_1378.png
1380,21563,0x1000,$04:DF96,C8,96.5,112.0,True,frame_1380.png
1380,21563,0x10C0,$04:E6AF,C8,195.0,97.0,True,frame_1380.png
1380,21563,0x1400,$04:FAD9,D8,144.25,80.172,True,frame_1380.png
1380,21563,0x1440,$04:FABA,C8,175.375,170.18,True,frame_1380.png
1380,21563,0x16C0,$02:9203,D8,112.188,184.0,True,frame_1380.png
1380,21563,0x1740,$02:9274,E0,112.0,176.0,True,frame_1380.png
1380,21563,0x1780,$04:FCC0,D0,198.234,98.406,True,frame_1380.png
1380,21563,0x1800,$02:93DD,D8,251.0,188.0,True,frame_1380.png
1380,21563,0x1840,$04:FCC0,D0,145.359,97.25,True,frame_1380.png
1380,21563,0x1880,$02:B04A,C8,25.543,94.832,True,frame_1380.png
1380,21563,0x1AC0,$04:F97F,CC,26.5,156.0,True,frame_1380.png
1380,21563,0x1B00,$04:F97F,CC,-28.359,-18.641,False,frame_1380.png
1380,21563,0x1B40,$04:F97F,CC,3.0,59.078,True,frame_1380.png
